member_id,constituency,date_of_birth,days_service,first_start_date,gender,list_name,party
172,Hackney North and Stoke Newington,1953-09-27,6433,1987-06-11,F,"Abbott, Ms Diane",Labour
645,Belfast West,1948-10-06,6047,1983-06-09,M,"Adams, Mr Gerry",Sinn Féin
631,Paisley North,1947-12-27,5166,1990-11-29,F,"Adams of Craigielea, B.",Labour
537,Carmarthen West and South Pembrokeshire,1949-10-24,4693,1992-04-09,M,"Ainger, Nick",Labour
306,Coventry North East,1952-06-19,4693,1992-04-09,M,"Ainsworth, Mr Bob",Labour
99,East Surrey,1956-11-16,4693,1992-04-09,M,"Ainsworth, Mr Peter",Conservative
632,Paisley South,1967-10-26,2679,1997-11-06,M,"Alexander, Mr Douglas",Labour
397,"Sheffield, Hallam",1966-02-11,2868,1997-05-01,M,"Allan of Hallam, L.",Liberal Democrat
364,Nottingham North,1953-01-11,6433,1987-06-11,M,"Allen, Mr Graham",Labour
44,Southend West,1952-03-26,7872,1983-06-09,M,"Amess, Sir David",Conservative
475,Rossendale and Darwen,1949-12-06,4693,1992-04-09,F,"Anderson, Janet",Labour
568,Swansea East,1939-06-17,12503,1966-03-31,M,"Anderson of Swansea, L.",Labour
56,North East Hampshire,1952-08-04,6433,1987-06-11,M,"Arbuthnot of Edrom, L.",Conservative
4150,North West Durham,1945-11-30,6433,1987-06-11,F,"Armstrong of Hill Top, B.",Labour
224,Falmouth and Camborne,1955-09-21,2868,1997-05-01,F,"Atherton, Ms Candy",Labour
284,Staffordshire Moorlands,1950-09-24,2868,1997-05-01,F,"Atkins, Charlotte",Labour
240,Bournemouth East,1940-03-24,9842,1977-11-24,M,"Atkinson, Mr David",Conservative
515,Hexham,1943-01-19,4693,1992-04-09,M,"Atkinson, Mr Peter",Conservative
168,Erith and Thamesmead,1944-08-21,4693,1992-04-09,M,"Austin, John",Labour
1451,South Norfolk,1962-12-03,1394,2001-06-07,M,"Bacon, Mr Richard",Conservative
320,West Bromwich West,1945-12-11,1566,2000-11-23,M,"Bailey, Mr Adrian",Labour
1445,Redcar,1950-02-13,1394,2001-06-07,F,"Baird, Vera",Labour
28,Lewes,1957-07-26,2868,1997-05-01,M,"Baker, Norman",Liberal Democrat
93,Banbury,1950-07-10,7872,1983-06-09,M,"Baldry, Sir Tony",Conservative
4149,North Antrim,1926-04-06,12481,1970-06-18,M,"Bannside, L.",Democratic Unionist Party
1389,Bexhill and Battle,1966-03-08,1394,2001-06-07,M,"Barker of Battle, L.",Conservative
331,North East Derbyshire,1936-07-22,6433,1987-06-11,M,"Barnes, Mr Harry",Labour
1390,Billericay,1959-06-21,1394,2001-06-07,M,"Baron, Mr John",Conservative
1412,Edinburgh West,1954-02-11,1394,2001-06-07,M,"Barrett, John",Liberal Democrat
392,Rother Valley,1946-10-26,7872,1983-06-09,M,"Barron, Sir Kevin",Labour
417,Leeds West,1951-04-26,6433,1987-06-11,M,"Battle, John",Labour
385,City of York,1952-01-09,4693,1992-04-09,M,"Bayley, Sir Hugh",Labour
144,Bexleyheath and Crayford,1936-10-10,2868,1997-05-01,M,"Beard, Mr Nigel",Labour
328,Derby South,1943-01-15,9512,1974-10-10,F,"Beckett, Margaret",Labour
572,Aberdeen South,1955-12-06,2868,1997-05-01,F,"Begg, Dame Anne",Labour
646,East Antrim,1936-02-20,7835,1983-06-09,M,"Beggs, Mr Roy",Ulster Unionist Party
513,Berwick-upon-Tweed,1943-04-20,11279,1973-11-08,M,"Beith, L.",Liberal Democrat
501,Middlesbrough,1938-05-16,7872,1983-06-09,M,"Bell, Sir Stuart",Labour
1441,North West Norfolk,1955-03-29,6398,1983-06-09,M,"Bellingham, Sir Henry",Conservative
413,Leeds Central,1953-11-26,2098,1999-06-10,M,"Benn, Hilary",Labour
443,Denton and Reddish,1939-03-09,11187,1974-02-28,M,"Bennett, Andrew",Labour
479,Bootle,1933-09-28,5187,1990-11-08,M,"Benton, Mr Joe",Labour
17,Buckingham,1963-01-19,2868,1997-05-01,M,"Bercow, John",Conservative
103,Mole Valley,1946-04-06,4693,1992-04-09,M,"Beresford, Sir Paul",Conservative
219,Kingswood,1948-07-04,4693,1992-04-09,M,"Berry, Roger",Labour
416,Leeds North West,1937-12-18,2868,1997-05-01,M,"Best, Mr Harold",Labour
394,"Sheffield, Attercliffe",1950-01-13,4693,1992-04-09,M,"Betts, Mr Clive",Labour
322,Wolverhampton South East,1942-08-26,6433,1987-06-11,M,"Bilston, L.",Labour
329,Erewash,1949-09-26,2868,1997-05-01,F,"Blackman, Liz",Labour
512,Sedgefield,1953-05-06,7872,1983-06-09,M,"Blair, Mr Tony",Labour
456,Salford,1956-05-14,2868,1997-05-01,F,"Blears, Hazel",Labour
497,Penrith and The Border,1953-05-16,7823,1983-07-28,M,"Blencathra, L.",Conservative
138,Waveney,1950-05-31,2868,1997-05-01,M,"Blizzard, Mr Bob",Labour
395,"Sheffield, Brightside",1947-06-06,6433,1987-06-11,M,"Blunkett, L.",Labour
104,Reigate,1960-07-15,2868,1997-05-01,M,"Blunt, Crispin",Conservative
147,Brent South,1951-06-14,6433,1987-06-11,M,"Boateng, L.",Labour
476,South Ribble,1952-08-02,2868,1997-05-01,M,"Borrow, Mr David S.",Labour
352,Daventry,1942-12-02,6433,1987-06-11,M,"Boswell of Aynho, L.",Conservative
117,Worthing West,1944-07-30,10724,1975-06-26,M,"Bottomley, Sir Peter",Conservative
106,South West Surrey,1948-03-12,7543,1984-05-03,F,"Bottomley of Nettlestone, B.",Conservative
452,"Manchester, Withington",1950-05-17,6433,1987-06-11,M,"Bradley, L.",Labour
277,The Wrekin,1953-04-12,2868,1997-05-01,M,"Bradley, Peter",Labour
230,Exeter,1960-08-30,2868,1997-05-01,M,"Bradshaw, Mr Ben",Labour
435,Altrincham and Sale West,1967-05-20,2868,1997-05-01,M,"Brady, Sir Graham",Conservative
151,Carshalton and Wallington,1962-05-06,2868,1997-05-01,M,"Brake, Tom",Liberal Democrat
77,Canterbury,1953-07-24,6433,1987-06-11,M,"Brazier, Sir Julian",Conservative
226,South East Cornwall,1947-05-04,2868,1997-05-01,M,"Breed, Mr Colin",Liberal Democrat
1400,Cardiff West,1959-10-16,1394,2001-06-07,M,"Brennan, Kevin",Labour
1431,Mid Dorset and North Poole,1947-06-07,1394,2001-06-07,F,"Brooke, Annette",Liberal Democrat
591,Dunfermline East,1951-02-20,7872,1983-06-09,M,"Brown, Mr Gordon",Labour
523,Newcastle upon Tyne East and Wallsend,1950-06-13,7872,1983-06-09,M,"Brown, Mr Nicholas",Labour
588,Dumfries,1951-09-17,2868,1997-05-01,M,"Brown, Mr Russell",Labour
620,Kilmarnock and Loudoun,1952-03-22,2868,1997-05-01,M,"Browne of Ladyton, L.",Labour
236,Tiverton and Honiton,1946-12-04,4693,1992-04-09,F,"Browning, B.",Conservative
615,Gordon,1944-11-17,7872,1983-06-09,M,"Bruce of Bennachie, L.",Liberal Democrat
1446,Rhondda,1962-01-11,1394,2001-06-07,M,"Bryant, Chris",Labour
199,Regent's Park and Kensington North,1958-08-30,2868,1997-05-01,F,"Buck, Ms Karen",Labour
301,"Birmingham, Northfield",1954-09-01,4693,1992-04-09,M,"Burden, Richard",Labour
408,Elmet,1948-04-22,2868,1997-05-01,M,"Burgon, Colin",Labour
238,Torridge and West Devon,1945-09-19,2868,1997-05-01,M,"Burnett, L.",Liberal Democrat
1427,Leigh,1970-01-07,1394,2001-06-07,M,"Burnham, Andy",Labour
46,West Chelmsford,1952-09-06,6433,1987-06-11,M,"Burns, Sir Simon",Conservative
1449,South Antrim,1951-08-24,1394,2001-06-07,M,"Burnside, David",Ulster Unionist Party
204,Sutton and Cheam,1962-05-13,2868,1997-05-01,M,"Burstow, Paul",Liberal Democrat
1201,North East Bedfordshire,1955-05-25,6398,1983-06-09,M,"Burt, Alistair",Conservative
241,Bournemouth West,1941-02-14,7872,1983-06-09,M,"Butterfill, Sir John",Conservative
524,North Tyneside,1953-04-13,4693,1992-04-09,M,"Byers, Mr Stephen",Labour
1171,"Birmingham, Hodge Hill",1970-10-02,260,2004-07-15,M,"Byrne, Liam",Labour
207,Twickenham,1943-05-09,2868,1997-05-01,M,"Cable, Sir Vince",Liberal Democrat
396,Sheffield Central,1943-10-06,7872,1983-06-09,M,"Caborn, Mr Richard",Labour
1421,Greenock and Inverclyde,1966-08-07,1394,2001-06-07,M,"Cairns, David",Labour
1403,Cheadle,1948-09-19,1394,2001-06-07,F,"Calton, Mrs Patsy",Liberal Democrat
1467,Witney,1966-10-09,1394,2001-06-07,M,"Cameron, Mr David",Conservative
529,Tynemouth,1957-07-08,2868,1997-05-01,M,"Campbell, Mr Alan",Labour
118,Cambridge,1940-04-06,4693,1992-04-09,F,"Campbell, Mrs Anne",Labour
1409,East Londonderry,1953-02-15,1394,2001-06-07,M,"Campbell, Mr Gregory",Democratic Unionist Party
514,Blyth Valley,1943-08-14,6433,1987-06-11,M,"Campbell, Mr Ronnie",Labour
627,North East Fife,1941-05-22,6433,1987-06-11,M,"Campbell of Pittenweem, L.",Liberal Democrat
135,Not serving on 2005-04-01,1946-06-28,3429,1992-04-09,M,"Cann, Mr Jamie",Labour
27,Hove,1958-11-08,2868,1997-05-01,M,"Caplin, Mr Ivor",Labour
1442,Orkney and Shetland,1965-07-15,1394,2001-06-07,M,"Carmichael, Mr Alistair",Liberal Democrat
213,Wimbledon,1960-05-22,2868,1997-05-01,M,"Casale, Roger",Labour
288,Stone,1940-05-10,7543,1984-05-03,M,"Cash, Sir William",Conservative
566,Gower,1951-06-15,2868,1997-05-01,M,"Caton, Martin",Labour
369,Brigg and Goole,1960-04-14,2868,1997-05-01,M,"Cawsey, Mr Ian",Labour
1434,Morley and Rothwell,1953-06-12,1394,2001-06-07,M,"Challen, Colin",Labour
492,Wirral South,1940-07-08,2908,1997-02-27,M,"Chapman, Ben",Labour
153,Chipping Barnet,1935-10-17,10674,1970-06-18,M,"Chapman, Sir Sydney",Conservative
440,Bury North,1949-08-03,2868,1997-05-01,M,"Chaytor, Mr David",Labour
50,Eastleigh,1942-07-09,3902,1994-06-09,M,"Chidgey, L.",Liberal Democrat
242,Christchurch,1947-05-19,6047,1983-06-09,M,"Chope, Sir Christopher",Conservative
388,Barnsley West and Penistone,1943-05-15,4693,1992-04-09,M,"Clapham, Mr Michael",Labour
67,Hertsmere,1956-09-14,4693,1992-04-09,M,"Clappison, Mr James",Conservative
122,Peterborough,1954-12-23,2868,1997-05-01,F,"Clark, Mrs Helen",Labour
83,Gillingham,1957-04-29,2868,1997-05-01,M,"Clark, Paul",Labour
599,"Edinburgh, Pentlands",1949-02-26,2868,1997-05-01,F,"Clark of Calton, B.",Labour
130,Norwich South,1950-09-21,2868,1997-05-01,M,"Clarke, Mr Charles",Labour
366,Rushcliffe,1940-07-02,12518,1970-06-18,M,"Clarke, Mr Kenneth",Conservative
583,Coatbridge and Chryston,1941-01-10,8195,1982-06-24,M,"Clarke, Mr Tom",Labour
355,Northampton South,1963-09-06,2868,1997-05-01,M,"Clarke, Mr Tony",Labour
528,Tyne Bridge,1943-06-27,6962,1985-12-05,M,"Clelland, Mr David",Labour
249,Cotswold,1953-03-23,4693,1992-04-09,M,"Clifton-Brown, Sir Geoffrey",Conservative
553,Cynon Valley,1937-03-21,7543,1984-05-03,F,"Clwyd, Ann",Labour
360,Gedling,1953-06-17,2868,1997-05-01,M,"Coaker, Vernon",Labour
458,Stockport,1946-08-31,4693,1992-04-09,F,"Coffey, Ann",Labour
192,Leyton and Wanstead,1949-12-10,7872,1983-06-09,M,"Cohen, Harry",Labour
174,Hammersmith and Fulham,1958-01-18,2868,1997-05-01,M,"Coleman, Mr Iain",Labour
498,Westmorland and Lonsdale,1964-05-07,2868,1997-05-01,M,"Collins, Mr Tim",Conservative
198,Putney,1943-07-24,2868,1997-05-01,M,"Colman, Mr Tony",Labour
602,Falkirk East,1947-09-03,4693,1992-04-09,M,"Connarty, Michael",Labour
1202,Old Bexley and Sidcup,1953-02-15,6398,1983-06-09,M,"Conway, Derek",Conservative
504,Stockton North,1935-11-03,7872,1983-06-09,M,"Cook, Frank",Labour
623,Livingston,1946-02-28,11187,1974-02-28,M,"Cook, Mr Robin",Labour
420,Pontefract and Castleford,1969-03-20,2868,1997-05-01,F,"Cooper, Yvette",Labour
185,Islington North,1949-05-26,7872,1983-06-09,M,"Corbyn, Jeremy",Labour
282,South Staffordshire,1939-05-18,12518,1970-06-18,M,"Cormack, L.",Conservative
215,Bristol East,1942-05-05,4693,1992-04-09,F,"Corston, B.",Labour
3786,Weston-Super-Mare,1936-08-24,2868,1997-05-01,M,"Cotter, L.",Liberal Democrat
521,Newcastle upon Tyne Central,1944-02-23,6433,1987-06-11,M,"Cousins, Jim",Labour
205,Tooting,1930-01-19,12518,1970-06-18,M,"Cox, Tom",Labour
368,Beverley and Holderness,1944-01-28,6433,1987-06-11,M,"Cran, Mr James",Conservative
309,Dudley North,1948-07-23,2868,1997-05-01,M,"Cranston, Sir Ross",Labour
437,Bolton North East,1946-06-17,2868,1997-05-01,M,"Crausby, Sir David",Labour
1406,Dagenham,1962-04-07,1394,2001-06-07,M,"Cruddas, Jon",Labour
412,Keighley,1939-12-14,2868,1997-05-01,F,"Cryer, Mrs Ann",Labour
181,Hornchurch,1964-04-11,2868,1997-05-01,M,"Cryer, John",Labour
509,Easington,1943-07-06,6433,1987-06-11,M,"Cummings, John",Labour
308,Coventry South,1941-02-04,4693,1992-04-09,M,"Cunningham, Mr Jim",Labour
1469,Workington,1952-09-16,1394,2001-06-07,M,"Cunningham, Sir Tony",Labour
496,Copeland,1939-08-04,12518,1970-06-18,M,"Cunningham of Felling, L.",Labour
383,Skipton and Ripon,1944-06-13,6433,1987-06-11,M,"Curry, Mr David",Conservative
480,Crosby,1958-04-30,2868,1997-05-01,F,"Curtis-Thomas, Mrs Claire",Labour
1395,Not serving on 2005-04-01,1957-07-20,741,2001-06-07,M,"Daisley, Mr Paul",Labour
622,Linlithgow,1932-08-09,15383,1962-06-14,M,"Dalyell, Tam",Labour
596,Edinburgh Central,1953-11-28,6433,1987-06-11,M,"Darling of Roulanish, L.",Labour
188,Kingston and Surbiton,1965-12-25,2868,1997-05-01,M,"Davey, Sir Edward",Liberal Democrat
218,Bristol West,1940-04-16,2868,1997-05-01,F,"Davey, Valerie",Labour
1398,Caerphilly,1957-07-01,1394,2001-06-07,M,"David, Wayne",Labour
611,"Glasgow, Pollok",1950-09-08,4693,1992-04-09,M,"Davidson, Mr Ian",Labour
539,Llanelli,1938-10-09,12518,1970-06-18,M,"Davies, Denzil",Labour
155,Croydon Central,1960-05-03,2868,1997-05-01,M,"Davies, Geraint",Labour
346,Grantham and Stamford,1944-05-29,6433,1987-06-11,M,"Davies of Stamford, L.",Conservative
373,Haltemprice and Howden,1948-12-23,6433,1987-06-11,M,"Davis, Mr David",Conservative
299,Not serving on 2005-04-01,1938-01-05,10067,1971-05-01,M,"Davis, Mr Terry",Labour
470,Lancaster and Wyre,1953-09-30,2868,1997-05-01,M,"Dawson, Mr Hilton",Labour
278,Burton,1949-01-28,2868,1997-05-01,F,"Dean, Mrs Janet",Labour
4154,Suffolk Coastal,1939-11-26,10674,1970-06-18,M,"Deben, L.",Conservative
61,"Southampton, Itchen",1953-07-15,4693,1992-04-09,M,"Denham, Mr John",Labour
1420,Gloucester,1971-09-17,1394,2001-06-07,M,"Dhanda, Mr Parmjit",Labour
179,Hendon,1954-09-02,2868,1997-05-01,M,"Dismore, Mr Andrew",Labour
1425,Huntingdon,1965-06-03,1394,2001-06-07,M,"Djanogly, Mr Jonathan",Conservative
446,Heywood and Middleton,1941-05-26,2868,1997-05-01,M,"Dobbin, Jim",Labour
180,Holborn and St Pancras,1940-03-15,9343,1979-05-03,M,"Dobson, Frank",Labour
1388,Belfast North,1958-08-20,1394,2001-06-07,M,"Dodds, Nigel",Democratic Unionist Party
1465,West Tyrone,1945-07-18,1394,2001-06-07,M,"Doherty, Mr Pat",Sinn Féin
650,Lagan Valley,1962-12-07,2868,1997-05-01,M,"Donaldson, Sir Jeffrey M.",Democratic Unionist Party
586,Cunninghame South,1948-09-10,4693,1992-04-09,M,"Donohoe, Mr Brian H.",Labour
570,Aberdeen Central,1949-04-13,4608,1987-06-11,M,"Doran, Mr Frank",Labour
336,Charnwood,1952-03-25,9343,1979-05-03,M,"Dorrell, Mr Stephen",Conservative
1422,Guildford,1948-04-13,1394,2001-06-07,F,"Doughty, Sue",Liberal Democrat
189,Lewisham West,1951-03-05,4693,1992-04-09,M,"Dowd, Jim",Labour
252,Stroud,1952-04-13,2868,1997-05-01,M,"Drew, Dr David",Labour
263,South Swindon,1962-08-23,2868,1997-05-01,F,"Drown, Julia",Labour
343,Rutland and Melton,1957-03-31,4693,1992-04-09,M,"Duncan, Sir Alan",Conservative
1417,Galloway and Upper Nithsdale,1965-07-10,1394,2001-06-07,M,"Duncan, Mr Peter",Conservative
152,Chingford and Woodford Green,1954-04-09,4693,1992-04-09,M,"Duncan Smith, Mr Iain",Conservative
426,Crewe and Nantwich,1930-12-12,12707,1966-03-31,F,"Dunwoody, Mrs Gwyneth",Labour
491,Wallasey,1961-02-17,4693,1992-04-09,F,"Eagle, Ms Angela",Labour
483,"Liverpool, Garston",1961-02-17,2868,1997-05-01,F,"Eagle, Maria",Labour
543,Monmouth,1953-04-12,3173,1991-05-16,M,"Edwards, Mr Huw",Labour
165,Eltham,1958-07-10,2868,1997-05-01,M,"Efford, Clive",Labour
484,"Liverpool, Riverside",1945-11-14,2868,1997-05-01,F,"Ellman, Mrs Louise",Labour
387,Barnsley East and Mexborough,1952-11-13,2985,1996-12-12,M,"Ennis, Jeff",Labour
526,Sunderland North,1941-07-17,4693,1992-04-09,M,"Etherington, Bill",Labour
474,Ribble Valley,1957-11-10,4693,1992-04-09,M,"Evans, Mr Nigel",Conservative
1443,Perth,1960-08-20,1394,2001-06-07,F,"Ewing, Annabelle",Scottish National Party
280,Lichfield,1950-06-12,4693,1992-04-09,M,"Fabricant, Michael",Conservative
88,Sevenoaks,1952-05-14,6047,1983-06-09,M,"Fallon, Sir Michael",Conservative
1436,Newcastle-under-Lyme,1962-03-02,1394,2001-06-07,M,"Farrelly, Paul",Labour
478,Birkenhead,1942-07-16,9343,1979-05-03,M,"Field, Frank",Labour
1405,Cities of London and Westminster,1964-10-06,1394,2001-06-07,M,"Field, Mark",Conservative
285,Stoke-on-Trent Central,1944-10-29,7872,1983-06-09,M,"Fisher, Mark",Labour
197,Poplar and Canning Town,1952-04-04,2868,1997-05-01,M,"Fitzpatrick, Jim",Labour
455,Rochdale,1967-08-06,2868,1997-05-01,F,"Fitzsimons, Mrs Lorna",Labour
4211,Arundel and South Downs,1948-06-16,2868,1997-05-01,M,"Flight, L.",Independent Conservative
389,Don Valley,1961-09-20,2868,1997-05-01,F,"Flint, Caroline",Labour
1459,Taunton,1963-07-09,1394,2001-06-07,M,"Flook, Mr Adrian",Conservative
545,Newport West,1935-02-09,6433,1987-06-11,M,"Flynn, Paul",Labour
72,Stevenage,1942-12-25,2868,1997-05-01,F,"Follett, Barbara",Labour
149,Bromley and Chislehurst,1944-09-09,7872,1983-06-09,M,"Forth, Mr Eric",Conservative
271,Worcester,1963-03-14,2868,1997-05-01,M,"Foster, Mr Michael",Labour
26,Hastings and Rye,1946-02-26,2868,1997-05-01,M,"Foster, Michael Jabez",Labour
214,Bath,1947-03-31,4693,1992-04-09,M,"Foster of Bath, L.",Liberal Democrat
506,Bishop Auckland,1937-06-25,9343,1979-05-03,M,"Foster of Bishop Auckland, L.",Labour
579,"Carrick, Cumnock and Doon Valley",1942-01-21,9343,1979-05-03,M,"Foulkes of Cumnock, L.",Labour
223,Woodspring,1961-09-22,4693,1992-04-09,M,"Fox, Dr Liam",Conservative
134,Central Suffolk and North Ipswich,1938-10-17,7872,1983-06-09,M,"Framlingham, L.",Independent
1382,Aberavon,1946-06-06,1394,2001-06-07,M,"Francis, Dr Hywel",Labour
1444,Rayleigh,1965-08-14,1394,2001-06-07,M,"Francois, Mr Mark",Conservative
87,North Thanet,1943-08-20,7872,1983-06-09,M,"Gale, Sir Roger",Conservative
609,"Glasgow, Kelvin",1954-08-16,6433,1987-06-11,M,"Galloway, Mr George",Respect
184,Ilford South,1952-09-04,4693,1992-04-09,M,"Gapes, Mike",Labour
146,Brent North,1957-03-10,2868,1997-05-01,M,"Gardiner, Barry",Labour
337,Harborough,1952-10-26,4693,1992-04-09,M,"Garnier, Sir Edward",Conservative
227,St Ives,1958-12-02,2868,1997-05-01,M,"George, Andrew",Liberal Democrat
317,Walsall South,1942-06-01,11187,1974-02-28,M,"George, Mr Bruce",Labour
211,Walthamstow,1942-07-03,4693,1992-04-09,M,"Gerrard, Mr Neil",Labour
111,Bognor Regis and Littlehampton,1960-09-03,2868,1997-05-01,M,"Gibb, Nick",Conservative
129,Norwich North,1938-09-26,2868,1997-05-01,M,"Gibson, Dr Ian",Labour
60,Romsey,1957-03-26,1769,2000-05-04,F,"Gidley, Sandra",Liberal Democrat
1416,Fermanagh and South Tyrone,1970-03-28,1394,2001-06-07,F,"Gildernew, Michelle",Sinn Féin
1172,Leicester South,1966-12-20,260,2004-07-15,M,"Gill, Parmjit Singh",Liberal Democrat
18,Chesham and Amersham,1952-04-21,4693,1992-04-09,F,"Gillan, Dame Cheryl",Conservative
233,"Plymouth, Sutton",1949-07-19,2868,1997-05-01,F,"Gilroy, Linda",Labour
304,"Birmingham, Sparkbrook and Small Heath",1946-06-28,4693,1992-04-09,M,"Godsiff, Mr Roger",Labour
462,Wythenshawe and Sale East,1953-06-16,2868,1997-05-01,M,"Goggins, Paul",Labour
1471,Wycombe,1959-11-17,1394,2001-06-07,M,"Goodman, Mr Paul",Conservative
261,North Wiltshire,1954-11-07,2868,1997-05-01,M,"Gray, James",Conservative
1413,Epsom and Ewell,1962-04-01,1394,2001-06-07,M,"Grayling, Chris",Conservative
76,Ashford,1956-01-17,2868,1997-05-01,M,"Green, Damian",Conservative
1429,Ludlow,1970-04-12,1394,2001-06-07,M,"Green, Matthew",Liberal Democrat
380,Ryedale,1946-02-15,6433,1987-06-11,M,"Greenway, Mr John",Conservative
16,Beaconsfield,1956-05-24,2868,1997-05-01,M,"Grieve, Mr Dominic",Conservative
10,Reading East,1954-04-17,2868,1997-05-01,F,"Griffiths, Jane",Labour
600,Edinburgh South,1955-05-20,6433,1987-06-11,M,"Griffiths, Nigel",Labour
551,Bridgend,1943-02-11,6433,1987-06-11,M,"Griffiths, Mr Win",Labour
382,Selby,1961-02-24,2868,1997-05-01,M,"Grogan, John",Labour
379,Richmond (Yorks),1961-03-26,5810,1989-02-23,M,"Hague of Richmond, L.",Conservative
349,Sleaford and North Hykeham,1945-02-05,9343,1979-05-03,M,"Hailsham, V.",Conservative
567,Neath,1950-02-16,5040,1991-04-04,M,"Hain, L.",Labour
434,Weaver Vale,1952-09-20,4693,1992-04-09,M,"Hall, Mr Mike",Labour
1,Bedford,1951-10-20,2868,1997-05-01,M,"Hall, Patrick",Labour
1432,Midlothian,1950-10-24,1394,2001-06-07,M,"Hamilton, Mr David",Labour
415,Leeds North East,1955-04-12,2868,1997-05-01,M,"Hamilton, Fabian",Labour
105,Runnymede and Weybridge,1955-12-04,2868,1997-05-01,M,"Hammond, Mr Philip",Conservative
59,Portsmouth South,1946-04-09,3936,1984-06-14,M,"Hancock, Mr Mike",Liberal Democrat
533,Delyn,1957-07-05,4693,1992-04-09,M,"Hanson, David",Labour
150,Camberwell and Peckham,1950-07-30,8069,1982-10-28,F,"Harman, Ms Harriet",Labour
96,Oxford West and Abingdon,1965-10-21,2868,1997-05-01,M,"Harris, Dr Evan",Liberal Democrat
1418,"Glasgow, Cathcart",1964-02-20,1394,2001-06-07,M,"Harris, Mr Tom",Labour
231,North Devon,1961-08-03,4693,1992-04-09,M,"Harvey, Sir Nick",Liberal Democrat
43,Saffron Walden,1937-06-23,11313,1970-06-18,M,"Haselhurst, Sir Alan",Independent
1430,Merthyr Tydfil and Rhymney,1950-02-07,1394,2001-06-07,M,"Havard, Mr Dai",Labour
108,Surrey Heath,1957-03-27,4693,1992-04-09,M,"Hawkins, Mr Nick",Conservative
350,South Holland and The Deepings,1958-06-23,2868,1997-05-01,M,"Hayes, Mr John",Conservative
311,Halesowen and Rowley Regis,1942-07-20,3593,1990-03-22,F,"Heal, Sylvia",Independent
69,North East Hertfordshire,1954-12-15,4693,1992-04-09,M,"Heald, Sir Oliver",Conservative
400,Wentworth,1960-02-13,2868,1997-05-01,M,"Healey, John",Labour
255,Somerton and Frome,1954-03-16,2868,1997-05-01,M,"Heath, Mr David",Liberal Democrat
257,Wells,1949-03-21,7872,1983-06-09,M,"Heathcoat-Amory, Mr David",Conservative
522,Newcastle upon Tyne North,1949-06-09,6433,1987-06-11,M,"Henderson, Mr Doug",Labour
38,Harwich,1958-06-07,2868,1997-05-01,M,"Henderson, Mr Ivan",Labour
473,Preston,1958-11-02,1566,2000-11-23,M,"Hendrick, Sir Mark",Labour
1220,Wealden,1959-05-06,3219,1992-04-09,M,"Hendry, Charles",Conservative
520,Jarrow,1959-12-06,2868,1997-05-01,M,"Hepburn, Mr Stephen",Labour
363,Nottingham East,1948-11-03,4693,1992-04-09,M,"Heppell, Mr John",Labour
1437,North Down,1955-08-11,1394,2001-06-07,F,"Hermon, Lady",Ulster Unionist Party
493,Wirral West,1957-05-27,2868,1997-05-01,M,"Hesford, Stephen",Labour
340,Leicester West,1948-12-02,2868,1997-05-01,F,"Hewitt, Ms Patricia",Labour
1386,Ashton-under-Lyne,1946-04-02,1394,2001-06-07,M,"Heyes, David",Labour
203,Streatham,1943-07-28,4693,1992-04-09,M,"Hill, Keith",Labour
423,Wakefield,1948-10-14,6433,1987-06-11,M,"Hinchliffe, Mr David",Labour
1414,Fareham,1964-03-31,1394,2001-06-07,M,"Hoban, Mr Mark",Conservative
140,Barking,1944-09-08,3902,1994-06-09,F,"Hodge, Dame Margaret",Labour
210,Vauxhall,1946-06-21,5698,1989-06-15,F,"Hoey, Kate",Labour
1404,Chesterfield,1957-01-16,1394,2001-06-07,M,"Holmes, Paul",Liberal Democrat
582,Clydesdale,1948-05-16,6433,1987-06-11,M,"Hood, Mr Jim",Labour
357,Ashfield,1953-12-06,4693,1992-04-09,M,"Hoon, Mr Geoffrey",Labour
351,Corby,1955-04-19,2868,1997-05-01,M,"Hope, Phil",Labour
2,Luton North,1941-08-22,2868,1997-05-01,M,"Hopkins, Kelvin",Labour
196,Orpington,1939-03-07,9339,1970-06-18,M,"Horam, L.",Conservative
82,Folkestone and Hythe,1941-07-07,7872,1983-06-09,M,"Howard of Lympne, L.",Conservative
481,Knowsley North and Sefton East,1949-06-29,6619,1986-11-13,M,"Howarth, Mr George",Labour
47,Aldershot,1947-09-12,6047,1983-06-09,M,"Howarth, Sir Gerald",Conservative
544,Newport East,1944-06-11,7872,1983-06-09,M,"Howarth of Newport, L.",Labour
556,Pontypridd,1946-11-27,5810,1989-02-23,M,"Howells, Dr Kim",Labour
467,Chorley,1957-06-10,2868,1997-05-01,M,"Hoyle, Sir Lindsay",Labour
391,Doncaster North,1952-12-15,4693,1992-04-09,M,"Hughes, Mr Kevin",Labour
194,North Southwark and Bermondsey,1951-05-17,7950,1983-02-24,M,"Hughes, Simon",Liberal Democrat
459,Stretford and Urmston,1950-03-30,2868,1997-05-01,F,"Hughes of Stretford, B.",Labour
464,Blackpool North and Fleetwood,1951-03-03,2868,1997-05-01,F,"Humble, Mrs Joan",Labour
649,Foyle,1937-01-18,7872,1983-06-09,M,"Hume, Mr John",Social Democratic & Labour Party
48,Basingstoke,1943-01-08,7872,1983-06-09,M,"Hunter, Mr Andrew",Democratic Unionist Party
32,Braintree,1945-09-02,2868,1997-05-01,M,"Hurst, Mr Alan",Labour
494,Barrow and Furness,1955-05-06,4693,1992-04-09,M,"Hutton of Furness, L.",Labour
438,Bolton South East,1940-07-05,2868,1997-05-01,M,"Iddon, Dr Brian",Labour
386,Barnsley Central,1955-04-09,6433,1987-06-11,M,"Illsley, Mr Eric",Labour
593,East Kilbride,1947-02-01,6433,1987-06-11,M,"Ingram, Mr Adam",Labour
1476,Ogmore,1963-01-22,1142,2002-02-14,M,"Irranca-Davies, Huw",Labour
468,Fylde,1946-09-17,6433,1987-06-11,M,"Jack, Mr Michael",Conservative
175,Hampstead and Highgate,1936-05-09,4693,1992-04-09,F,"Jackson, Glenda",Labour
399,"Sheffield, Hillsborough",1939-05-19,4693,1992-04-09,F,"Jackson, Helen",Labour
97,Wantage,1946-09-24,7872,1983-06-09,M,"Jackson, Mr Robert",Labour
232,"Plymouth, Devonport",1947-05-18,4693,1992-04-09,M,"Jamieson, Mr David",Labour
40,North Essex,1959-04-09,4693,1992-04-09,M,"Jenkin, Mr Bernard",Conservative
289,Tamworth,1942-09-19,3230,1996-04-11,M,"Jenkins, Mr Brian",Labour
376,Kingston upon Hull West and Hessle,1950-05-17,2868,1997-05-01,M,"Johnson, Alan",Labour
1423,Henley,1964-06-19,1394,2001-06-07,M,"Johnson, Boris",Conservative
74,Welwyn Hatfield,1955-02-05,2868,1997-05-01,F,"Johnson, Miss Melanie",Labour
432,Warrington North,1954-12-24,2868,1997-05-01,F,"Jones, Helen",Labour
560,Cardiff Central,1954-04-19,4693,1992-04-09,M,"Jones, Mr Jon Owen",Labour
1438,North Durham,1964-04-25,1394,2001-06-07,M,"Jones, Mr Kevan",Labour
303,"Birmingham, Selly Oak",1951-04-26,4693,1992-04-09,F,"Jones, Lynne",Labour
531,Clwyd South,1947-03-01,6433,1987-06-11,M,"Jones, Mr Martyn",Labour
248,Cheltenham,1948-03-30,4693,1992-04-09,M,"Jones of Cheltenham, L.",Liberal Democrat
159,Dulwich and West Norwood,1947-09-17,4693,1992-04-09,F,"Jowell, B.",Labour
603,Falkirk West,1960-10-13,1538,2000-12-21,M,"Joyce, Eric",Labour
451,"Manchester, Gorton",1930-06-21,12518,1970-06-18,M,"Kaufman, Sir Gerald",Labour
354,Northampton North,1951-10-13,2868,1997-05-01,F,"Keeble, Ms Sally",Labour
169,Feltham and Heston,1937-11-25,4693,1992-04-09,M,"Keen, Alan",Labour
148,Brentford and Isleworth,1948-11-26,2868,1997-05-01,F,"Keen, Ann",Labour
266,Hereford,1961-05-21,2868,1997-05-01,M,"Keetch, Mr Paul",Liberal Democrat
439,Bolton West,1968-05-09,2868,1997-05-01,F,"Kelly, Ruth",Labour
519,Houghton and Washington East,1958-09-01,2868,1997-05-01,M,"Kemp, Mr Fraser",Labour
634,"Ross, Skye and Inverness West",1959-11-25,7872,1983-06-09,M,"Kennedy, Mr Charles",Liberal Democrat
486,"Liverpool, Wavertree",1958-05-04,4693,1992-04-09,F,"Kennedy, Jane",Labour
262,Salisbury,1945-04-22,7872,1983-06-09,M,"Key, Robert",Conservative
162,"Ealing, Southall",1924-11-20,4693,1992-04-09,M,"Khabra, Mr Piara S",Labour
283,Stafford,1955-03-21,2868,1997-05-01,M,"Kidney, Mr David",Labour
485,"Liverpool, Walton",1946-06-09,4949,1991-07-04,M,"Kilfoyle, Mr Peter",Labour
292,Rugby and Kenilworth,1948-09-14,2868,1997-05-01,M,"King, Andy",Labour
143,Bethnal Green and Bow,1967-10-22,2868,1997-05-01,F,"King of Bow, B.",Labour
265,Bromsgrove,1960-06-05,2868,1997-05-01,F,"Kirkbride, Julie",Conservative
635,Roxburgh and Berwickshire,1946-04-22,7872,1983-06-09,M,"Kirkwood of Kirkhope, L.",Liberal Democrat
1200,East Yorkshire,1949-04-04,6398,1983-06-09,M,"Knight, Sir Greg",Conservative
4160,South Dorset,1965-03-06,1394,2001-06-07,M,"Knight of Weymouth, L.",Labour
502,Middlesbrough South and East Cleveland,1956-05-28,2998,1991-11-07,M,"Kumar, Dr Ashok",Labour
90,South Thanet,1952-11-06,2868,1997-05-01,M,"Ladyman, Dr Stephen",Labour
36,Epping Forest,1958-02-01,2868,1997-05-01,F,"Laing, Mrs Eleanor",Conservative
142,Beckenham,1947-12-16,4490,1992-04-09,F,"Lait, Mrs Jacqui",Conservative
1439,North Norfolk,1957-09-16,1394,2001-06-07,M,"Lamb, Norman",Liberal Democrat
206,Tottenham,1972-07-19,1720,2000-06-22,M,"Lammy, Mr David",Labour
123,South Cambridgeshire,1956-12-11,2868,1997-05-01,M,"Lansley, L.",Conservative
540,Preseli Pembrokeshire,1948-08-09,2868,1997-05-01,F,"Lawrence, Mrs Jackie",Labour
1473,Yeovil,1965-11-30,1394,2001-06-07,M,"Laws, Mr David",Liberal Democrat
327,Derby North,1944-09-07,2868,1997-05-01,M,"Laxton, Mr Bob",Labour
1411,Edinburgh North and Leith,1953-08-08,1394,2001-06-07,M,"Lazarowicz, Mark",Labour
345,Gainsborough,1950-07-20,7872,1983-06-09,M,"Leigh, Sir Edward",Conservative
24,"Brighton, Pavilion",1945-09-15,2868,1997-05-01,M,"Lepper, David",Labour
422,Shipley,1972-06-28,2868,1997-05-01,M,"Leslie, Mr Chris",Labour
247,West Dorset,1956-05-19,2868,1997-05-01,M,"Letwin, Sir Oliver",Conservative
330,High Peak,1954-04-10,2868,1997-05-01,M,"Levitt, Tom",Labour
441,Bury South,1967-03-04,2868,1997-05-01,M,"Lewis, Mr Ivan",Labour
54,New Forest East,1951-09-26,2868,1997-05-01,M,"Lewis, Dr Julian",Conservative
461,Worsley,1935-12-29,7872,1983-06-09,M,"Lewis, Mr Terry",Labour
573,Airdrie and Shotts,1950-12-06,3881,1994-06-30,F,"Liddell of Coatdyke, B.",Labour
1396,Bridgwater,1959-02-23,1394,2001-06-07,M,"Liddell-Grainger, Mr Ian",Conservative
15,Aylesbury,1956-06-30,4693,1992-04-09,M,"Lidington, Mr David",Conservative
68,Hitchin and Harpenden,1943-08-23,7872,1983-06-09,M,"Lilley, Mr Peter",Conservative
141,Battersea,1944-08-11,2868,1997-05-01,M,"Linton, Martin",Labour
450,Manchester Central,1950-02-25,7872,1983-06-09,M,"Lloyd, Tony",Labour
549,Meirionnydd Nant Conwy,1951-09-26,4693,1992-04-09,M,"Llwyd, Mr Elfyn",Plaid Cymru
259,Devizes,1945-07-07,7807,1974-02-28,M,"Lothian, M.",Conservative
114,East Worthing and Shoreham,1962-05-30,2868,1997-05-01,M,"Loughton, Tim",Conservative
164,Edmonton,1949-03-21,2868,1997-05-01,M,"Love, Mr Andrew",Labour
1470,Wrexham,1960-09-18,1394,2001-06-07,M,"Lucas, Ian C.",Labour
268,Mid Worcestershire,1955-02-18,4693,1992-04-09,M,"Luff, Sir Peter",Conservative
1407,Dundee East,1951-10-08,1394,2001-06-07,M,"Luke, Mr Iain",Labour
1457,Strathkelvin and Bearsden,1949-07-11,1394,2001-06-07,M,"Lyons, Mr John",Labour
4158,"Glasgow, Rutherglen",1943-12-14,6433,1987-06-11,M,"McAvoy, L.",Labour
298,"Birmingham, Hall Green",1955-08-04,2868,1997-05-01,M,"McCabe, Steve",Labour
405,Calder Valley,1945-10-14,2868,1997-05-01,F,"McCafferty, Chris",Labour
448,Makerfield,1951-04-25,6433,1987-06-11,M,"McCartney, Sir Ian",Labour
193,Mitcham and Morden,1960-02-20,2868,1997-05-01,F,"McDonagh, Siobhain",Labour
641,Western Isles,1956-05-07,6433,1987-06-11,M,"MacDonald, Dr Calum",Labour
178,Hayes and Harlington,1951-09-08,2868,1997-05-01,M,"McDonnell, John",Labour
1402,Central Fife,1947-12-08,1394,2001-06-07,M,"MacDougall, Mr John",Labour
4148,Dumbarton,1944-10-04,6433,1987-06-11,M,"McFall of Alcluith, L.",Labour
656,South Down,1935-06-03,6433,1987-06-11,M,"McGrady, Mr Eddie",Social Democratic & Labour Party
651,Mid Ulster,1950-05-23,2868,1997-05-01,M,"McGuinness, Mr Martin",Sinn Féin
636,Stirling,1949-05-26,2868,1997-05-01,F,"McGuire, Dame Anne",Labour
384,Vale of York,1954-09-20,2868,1997-05-01,F,"McIntosh of Pickering, B.",Conservative
370,Cleethorpes,1960-04-03,2868,1997-05-01,F,"McIsaac, Shona",Labour
7,Bracknell,1949-08-27,8609,1977-03-31,M,"Mackay, Mr Andrew",Conservative
1419,"Glasgow, Maryhill",1961-04-22,1394,2001-06-07,F,"McKechin, Ann",Labour
584,Cumbernauld and Kilsyth,1941-05-08,2868,1997-05-01,F,"McKenna, Rosemary",Labour
45,Thurrock,1949-04-24,4693,1992-04-09,M,"Mackinlay, Andrew",Labour
333,West Derbyshire,1957-11-30,6808,1986-05-08,M,"McLoughlin, Sir Patrick",Conservative
375,Kingston upon Hull North,1934-09-05,14080,1966-01-27,M,"McNamara, Mr Kevin",Labour
176,Harrow East,1958-11-03,2868,1997-05-01,M,"McNulty, Mr Tony",Labour
393,Rotherham,1948-05-21,3937,1994-05-05,M,"MacShane, Mr Denis",Labour
12,Slough,1953-09-12,2868,1997-05-01,F,"Mactaggart, Fiona",Labour
65,Hemel Hempstead,1945-03-20,2868,1997-05-01,M,"McWalter, Mr Tony",Labour
517,Blaydon,1941-05-16,9343,1979-05-03,M,"McWilliam, Mr John",Labour
1392,"Birmingham, Perry Barr",1961-07-13,1394,2001-06-07,M,"Mahmood, Mr Khalid",Labour
409,Halifax,1937-09-28,6433,1987-06-11,F,"Mahon, Alice",Labour
109,Woking,1945-07-31,6047,1983-06-09,M,"Malins, Mr Humfrey",Conservative
324,Amber Valley,1951-07-10,2868,1997-05-01,F,"Mallaber, Judy",Labour
652,Newry and Armagh,1936-08-17,6913,1986-01-23,M,"Mallon, Mr Seamus",Social Democratic & Labour Party
1387,Bassetlaw,1960-01-10,1394,2001-06-07,M,"Mann, John",Labour
4162,Stratford-on-Avon,1943-04-22,6047,1983-06-09,M,"Maples, L.",Conservative
1468,Wolverhampton South West,1955-04-08,1394,2001-06-07,M,"Marris, Rob",Labour
465,Blackpool South,1953-11-28,2868,1997-05-01,M,"Marsden, Gordon",Labour
275,Shrewsbury and Atcham,1968-03-18,2868,1997-05-01,M,"Marsden, Mr Paul",Liberal Democrat
613,"Glasgow, Shettleston",1941-05-07,9343,1979-05-03,M,"Marshall, Mr David",Labour
339,Not serving on 2005-04-01,1941-03-13,9235,1974-10-10,M,"Marshall, Mr Jim",Labour
86,Medway,1944-04-10,2868,1997-05-01,M,"Marshall-Andrews, Mr Robert",Labour
3899,"Glasgow, Springburn",1945-07-03,9343,1979-05-03,M,"Martin of Springburn, L.",Speaker
495,Carlisle,1949-01-03,6433,1987-06-11,M,"Martlew, Mr Eric",Labour
49,East Hampshire,1934-06-09,10983,1974-10-10,M,"Mates, Mr Michael",Conservative
115,Horsham,1953-07-04,6047,1983-06-09,M,"Maude of Horsham, L.",Conservative
121,North West Cambridgeshire,1940-07-26,9343,1979-05-03,M,"Mawhinney, L.",Conservative
8,Maidenhead,1956-10-01,2868,1997-05-01,F,"May, Mrs Theresa",Conservative
454,Oldham West and Royton,1939-11-04,12518,1970-06-18,M,"Meacher, Mr Michael",Labour
361,Mansfield,1949-07-31,6433,1987-06-11,M,"Meale, Sir Alan",Labour
1435,Newark,1956-06-26,1394,2001-06-07,M,"Mercer, Patrick",Conservative
347,Lincoln,1959-04-12,2868,1997-05-01,F,"Merron, Gillian",Labour
562,Cardiff South and Penarth,1943-08-22,6433,1987-06-11,M,"Michael, Alun",Labour
507,Darlington,1958-01-27,4693,1992-04-09,M,"Milburn, Mr Alan",Labour
1452,South Shields,1965-07-15,1394,2001-06-07,M,"Miliband, David",Labour
428,Ellesmere Port and Neston,1949-03-23,4693,1992-04-09,M,"Miller, Andrew",Labour
1211,Sutton Coldfield,1956-03-23,4959,1987-06-11,M,"Mitchell, Mr Andrew",Conservative
372,Great Grimsby,1934-09-19,10052,1977-04-28,M,"Mitchell, Austin",Labour
1410,East Lothian,1958-03-30,1394,2001-06-07,F,"Moffat, Anne",Labour
113,Crawley,1954-04-09,2868,1997-05-01,F,"Moffatt, Laura",Labour
1475,Ipswich,1958-03-16,1226,2001-11-22,M,"Mole, Chris",Labour
621,Kirkcaldy,1947-02-25,6433,1987-06-11,M,"Moonie, L.",Labour
638,"Tweeddale, Ettrick and Lauderdale",1965-06-03,2868,1997-05-01,M,"Moore, Michael",Liberal Democrat
3,Luton South,1955-04-24,2868,1997-05-01,F,"Moran, Margaret",Labour
561,Cardiff North,1944-11-02,2868,1997-05-01,F,"Morgan, Julie",Labour
377,Scunthorpe,1952-07-06,6433,1987-06-11,M,"Morley, Mr Elliot",Labour
305,"Birmingham, Yardley",1952-06-17,4693,1992-04-09,F,"Morris of Yardley, B.",Labour
120,North East Cambridgeshire,1943-03-06,6433,1987-06-11,M,"Moss, Mr Malcolm",Conservative
406,Colne Valley,1954-01-12,2868,1997-05-01,F,"Mountford, Kali",Labour
414,Leeds East,1945-02-06,4693,1992-04-09,M,"Mudie, Mr George",Labour
527,Sunderland South,1947-12-12,6433,1987-06-11,M,"Mullin, Mr Chris",Labour
1448,"Sheffield, Heeley",1959-08-24,1394,2001-06-07,F,"Munn, Meg",Labour
516,Wansbeck,1948-11-02,2868,1997-05-01,M,"Murphy, Mr Denis",Labour
595,Eastwood,1967-08-23,2868,1997-05-01,M,"Murphy, Mr Jim",Labour
546,Torfaen,1948-11-25,6433,1987-06-11,M,"Murphy of Torfaen, L.",Labour
1466,Westbury,1961-04-24,1394,2001-06-07,M,"Murrison, Dr Andrew",Conservative
216,Bristol North West,1941-04-01,2868,1997-05-01,M,"Naysmith, Dr Doug",Labour
92,Tunbridge Wells,1954-05-01,2868,1997-05-01,M,"Norman, Mr Archie",Conservative
221,Wansdyke,1960-01-28,2868,1997-05-01,M,"Norris, Dan",Labour
63,Winchester,1964-03-08,2823,1997-05-01,M,"Oaten, Mr Mark",Liberal Democrat
419,Normanton,1929-01-25,7872,1983-06-09,M,"O'Brien, Sir Bill",Labour
290,North Warwickshire,1954-06-19,4693,1992-04-09,M,"O'Brien, Mr Mike",Labour
427,Eddisbury,1957-04-01,2056,1999-07-22,M,"O'Brien, Mr Stephen",Conservative
482,Knowsley South,1937-10-01,5229,1990-09-27,M,"O'Hara, Mr Edward",Labour
291,Nuneaton,1942-05-09,4693,1992-04-09,M,"Olner, Mr Bill",Labour
629,Ochil,1945-01-06,9343,1979-05-03,M,"O'Neill of Clackmannan, L.",Labour
559,Montgomeryshire,1965-03-02,2868,1997-05-01,M,"Öpik, Lembit",Liberal Democrat
250,Forest of Dean,1952-02-21,2868,1997-05-01,F,"Organ, Diana",Labour
1458,Tatton,1971-05-23,1394,2001-06-07,M,"Osborne, Mr George",Conservative
576,Ayr,1956-02-23,2868,1997-05-01,F,"Osborne, Sandra",Labour
157,Croydon South,1945-05-24,6132,1983-06-09,M,"Ottaway, Sir Richard",Conservative
1474,Ynys Môn,1959-08-10,1394,2001-06-07,M,"Owen, Albert",Labour
70,South West Hertfordshire,1941-02-22,10003,1976-11-04,M,"Page, Mr Richard",Conservative
124,South East Cambridgeshire,1949-04-24,6433,1987-06-11,M,"Paice, Sir James",Conservative
359,Broxtowe,1950-02-05,2868,1997-05-01,M,"Palmer, Dr Nick",Labour
274,North Shropshire,1956-06-24,2868,1997-05-01,M,"Paterson, Mr Owen",Conservative
310,Dudley South,1959-04-05,3713,1994-12-15,M,"Pearson, Ian",Labour
183,Ilford North,1947-06-29,2868,1997-05-01,F,"Perham, Linda",Labour
33,Brentwood and Ongar,1952-04-20,4693,1992-04-09,M,"Pickles, Sir Eric",Conservative
477,West Lancashire,1944-09-13,4693,1992-04-09,M,"Pickthall, Mr Colin",Labour
466,Burnley,1937-06-26,7872,1983-06-09,M,"Pike, Mr Peter",Labour
294,Warwick and Leamington,1954-06-23,2868,1997-05-01,M,"Plaskitt, Mr James",Labour
71,St Albans,1944-04-27,2868,1997-05-01,M,"Pollard, Mr Kerry",Labour
84,Gravesham,1952-09-25,2868,1997-05-01,M,"Pond, Mr Chris",Labour
469,Hyndburn,1960-08-29,4693,1992-04-09,M,"Pope, Mr Greg",Labour
187,Kensington and Chelsea,1953-05-26,6381,1984-12-13,M,"Portillo, Mr Michael",Conservative
161,Ealing North,1948-07-03,2868,1997-05-01,M,"Pound, Stephen",Labour
555,Not serving on 2005-04-01,1928-06-19,8132,1979-05-03,M,"Powell, Sir Raymond",Labour
191,Lewisham East,1952-12-28,4693,1992-04-09,F,"Prentice, Bridget",Labour
472,Pendle,1951-01-28,4693,1992-04-09,M,"Prentice, Mr Gordon",Labour
374,Kingston upon Hull East,1938-05-31,12518,1970-06-18,M,"Prescott, L.",Labour
1401,Carmarthen East and Dinefwr,1968-09-23,1394,2001-06-07,M,"Price, Adam",Plaid Cymru
217,Bristol South,1954-05-02,6433,1987-06-11,F,"Primarolo, B.",Labour
1424,Hertford and Stortford,1962-06-12,1394,2001-06-07,M,"Prisk, Mr Mark",Conservative
80,Dover,1943-04-27,2868,1997-05-01,M,"Prosser, Gwyn",Labour
1454,Southport,1948-06-28,1394,2001-06-07,M,"Pugh, John",Liberal Democrat
321,Wolverhampton North East,1939-01-08,4693,1992-04-09,M,"Purchase, Mr Ken",Labour
1455,Stalybridge and Hyde,1970-03-02,1394,2001-06-07,M,"Purnell, James",Labour
518,Gateshead East and Washington West,1944-11-26,6433,1987-06-11,F,"Quin, B.",Labour
381,Scarborough and Whitby,1956-12-25,2868,1997-05-01,M,"Quinn, Lawrie",Labour
37,Harlow,1959-10-10,2868,1997-05-01,M,"Rammell, Bill",Labour
209,Uxbridge,1955-08-05,2777,1997-07-31,M,"Randall, Sir John",Conservative
58,Portsmouth North,1942-04-17,2868,1997-05-01,M,"Rapson, Syd",Labour
171,Greenwich and Woolwich,1945-01-28,5096,1986-04-10,M,"Raynsford, Mr Nick",Labour
14,Wokingham,1951-06-15,6433,1987-06-11,M,"Redwood, John",Conservative
341,Loughborough,1964-09-17,2868,1997-05-01,M,"Reed, Mr Andy",Labour
1385,Argyll and Bute,1954-08-07,1394,2001-06-07,M,"Reid, Mr Alan",Liberal Democrat
617,Hamilton North and Bellshill,1947-05-08,6433,1987-06-11,M,"Reid of Cardowan, L.",Labour
9,Newbury,1949-04-15,4301,1993-05-06,M,"Rendel, Mr David",Liberal Democrat
139,West Suffolk,1946-09-24,4693,1992-04-09,M,"Risby, L.",Conservative
334,Blaby,1951-07-17,4693,1992-04-09,M,"Robathan, L.",Conservative
1433,Moray,1969-09-28,1394,2001-06-07,M,"Robertson, Angus",Scottish National Party
1415,Faversham and Mid Kent,1962-10-09,1394,2001-06-07,M,"Robertson, Sir Hugh",Conservative
605,"Glasgow, Anniesland",1952-04-17,1566,2000-11-23,M,"Robertson, John",Labour
253,Tewkesbury,1958-03-29,2868,1997-05-01,M,"Robertson, Mr Laurence",Conservative
307,Coventry North West,1938-05-25,10472,1976-03-04,M,"Robinson, Mr Geoffrey",Labour
1456,Strangford,1949-09-06,1394,2001-06-07,F,"Robinson, Mrs Iris",Democratic Unionist Party
642,Belfast East,1948-12-29,9306,1979-05-03,M,"Robinson, Mr Peter",Democratic Unionist Party
182,Hornsey and Wood Green,1954-04-13,4693,1992-04-09,F,"Roche, Mrs Barbara",Labour
64,Broxbourne,1936-07-15,7872,1983-06-09,F,"Roe, Dame Marion",Conservative
402,Bradford North,1950-11-11,5187,1990-11-08,M,"Rooney, Mr Terry",Labour
1447,Romford,1966-03-17,1394,2001-06-07,M,"Rosindell, Andrew",Conservative
590,Dundee West,1942-07-27,9343,1979-05-03,M,"Ross, Mr Ernie",Labour
626,Motherwell and Wishaw,1958-08-29,2868,1997-05-01,M,"Roy, Mr Frank",Labour
534,Vale of Clwyd,1958-07-18,2868,1997-05-01,M,"Ruane, Chris",Labour
190,"Lewisham, Deptford",1943-12-28,6433,1987-06-11,F,"Ruddock, Dame Joan",Labour
133,Bury St Edmunds,1962-04-18,2868,1997-05-01,M,"Ruffley, Mr David",Conservative
35,Colchester,1946-03-31,2868,1997-05-01,M,"Russell, Sir Bob",Liberal Democrat
424,City of Chester,1945-03-25,2868,1997-05-01,F,"Russell, Christine",Labour
166,Enfield North,1955-09-08,2868,1997-05-01,F,"Ryan, Joan",Labour
577,Banff and Buchan,1954-12-31,6433,1987-06-11,M,"Salmond, Alex",Scottish National Party
11,Reading West,1954-04-19,2868,1997-05-01,M,"Salter, Martin",Labour
237,Torbay,1959-04-25,2868,1997-05-01,M,"Sanders, Mr Adrian",Liberal Democrat
608,"Glasgow, Govan",1952-08-18,2868,1997-05-01,M,"Sarwar, Mr Mohammad",Labour
571,Aberdeen North,1946-05-09,2868,1997-05-01,M,"Savidge, Mr Malcolm",Labour
353,Kettering,1950-06-26,2868,1997-05-01,M,"Sawford, Phil",Labour
4,Mid Bedfordshire,1948-03-20,6047,1983-06-09,M,"Sayeed, Mr Jonathan",Independent Conservative
173,Hackney South and Shoreditch,1937-03-17,9716,1974-02-28,M,"Sedgemore, Mr Brian",Labour
1453,South West Bedfordshire,1962-04-27,1394,2001-06-07,M,"Selous, Andrew",Conservative
78,Chatham and Aylesford,1966-06-03,2868,1997-05-01,M,"Shaw, Jonathan",Labour
411,Huddersfield,1940-08-17,9343,1979-05-03,M,"Sheerman, Mr Barry",Labour
132,South West Norfolk,1940-01-22,6433,1987-06-11,F,"Shephard of Northwold, B.",Conservative
295,Aldridge-Brownhills,1942-12-06,9343,1979-05-03,M,"Shepherd, Sir Richard",Conservative
1464,West Renfrewshire,1952-11-24,1394,2001-06-07,M,"Sheridan, Jim",Labour
314,Stourbridge,1957-06-22,2868,1997-05-01,F,"Shipley, Ms Debra",Labour
300,"Birmingham, Ladywood",1946-02-15,7872,1983-06-09,F,"Short, Clare",Labour
1393,Boston and Skegness,1964-04-12,1394,2001-06-07,M,"Simmonds, Mark",Conservative
1391,"Birmingham, Erdington",1968-12-23,1394,2001-06-07,M,"Simon, Mr Siôn",Labour
365,Nottingham South,1948-09-20,4693,1992-04-09,M,"Simpson, Alan",Labour
126,Mid Norfolk,1949-03-29,2868,1997-05-01,M,"Simpson, Mr Keith",Conservative
404,Bradford West,1954-10-11,2868,1997-05-01,M,"Singh, Mr Marsha",Labour
325,Bolsover,1932-02-11,12518,1970-06-18,M,"Skinner, Mr Dennis",Labour
95,Oxford East,1951-02-01,6433,1987-06-11,M,"Smith, Mr Andrew",Labour
471,Morecambe and Lunesdale,1961-08-29,2868,1997-05-01,F,"Smith, Geraldine",Labour
269,Redditch,1962-11-03,2868,1997-05-01,F,"Smith, Jacqui",Labour
681,Vale of Glamorgan,1951-03-17,3915,1989-05-04,M,"Smith, John",Labour
541,Blaenau Gwent,1944-04-16,4693,1992-04-09,M,"Smith, Llew",Labour
639,West Aberdeenshire and Kincardine,1958-04-15,2868,1997-05-01,M,"Smith, Sir Robert",Liberal Democrat
4170,Basildon,1959-01-07,2868,1997-05-01,F,"Smith of Basildon, B.",Labour
186,Islington South and Finsbury,1951-07-24,7872,1983-06-09,M,"Smith of Finsbury, L.",Labour
644,Belfast South,1931-06-15,8270,1982-03-04,M,"Smyth, The Rev Martin",Ulster Unionist Party
116,Mid Sussex,1948-02-12,7872,1983-06-09,M,"Soames, Sir Nicholas",Conservative
160,"Ealing, Acton and Shepherd's Bush",1939-05-07,9343,1979-05-03,M,"Soley, L.",Labour
433,Warrington South,1956-11-13,2868,1997-05-01,F,"Southworth, Helen",Labour
318,Warley,1947-08-05,4890,1982-10-28,M,"Spellar, John",Labour
312,Meriden,1958-05-04,2868,1997-05-01,F,"Spelman, Dame Caroline",Conservative
270,West Worcestershire,1943-01-22,11187,1974-02-28,M,"Spicer, L.",Conservative
1214,Castle Point,1948-08-01,3219,1992-04-09,M,"Spink, Bob",Conservative
592,Dunfermline West,1954-07-13,4693,1992-04-09,F,"Squire, Rachel",Labour
91,Tonbridge and Malling,1942-01-19,11187,1974-02-28,M,"Stanley, Sir John",Conservative
19,Milton Keynes South West,1947-01-04,2868,1997-05-01,F,"Starkey, Dr Phyllis",Labour
239,Totnes,1939-07-22,11187,1974-02-28,M,"Steen, Mr Anthony",Conservative
508,City of Durham,1945-04-20,6433,1987-06-11,M,"Steinberg, Mr Gerry",Labour
287,Stoke-on-Trent South,1938-08-30,4693,1992-04-09,M,"Stevenson, Mr George",Labour
619,"Inverness East, Nairn and Lochaber",1956-05-05,2868,1997-05-01,M,"Stewart, Mr David",Labour
444,Eccles,1950-08-28,2868,1997-05-01,M,"Stewart, Ian",Labour
356,Wellingborough,1962-04-25,2868,1997-05-01,M,"Stinchcombe, Mr Paul",Labour
79,Dartford,1954-04-14,2868,1997-05-01,M,"Stoate, Dr Howard",Labour
597,Edinburgh East and Musselburgh,1943-07-10,12518,1970-06-18,M,"Strang, Dr Gavin",Labour
3748,West Ham,1943-04-08,7872,1983-06-09,M,"Stratford, L.",Labour
463,Blackburn,1946-08-03,9343,1979-05-03,M,"Straw, Mr Jack",Labour
234,South West Devon,1955-10-02,4693,1992-04-09,M,"Streeter, Mr Gary",Conservative
449,"Manchester, Blackley",1950-02-17,2868,1997-05-01,M,"Stringer, Graham",Labour
296,"Birmingham, Edgbaston",1955-11-26,2868,1997-05-01,F,"Stuart, Ms Gisela",Labour
445,Hazel Grove,1942-11-24,2868,1997-05-01,M,"Stunell, L.",Liberal Democrat
403,Bradford South,1953-05-13,3902,1994-06-09,M,"Sutcliffe, Mr Gerry",Labour
55,New Forest West,1956-08-20,2868,1997-05-01,M,"Swayne, Sir Desmond",Conservative
1408,East Devon,1959-11-30,1394,2001-06-07,M,"Swire, Sir Hugo",Conservative
245,Poole,1956-08-15,2868,1997-05-01,M,"Syms, Sir Robert",Conservative
1383,Alyn and Deeside,1962-10-03,1394,2001-06-07,M,"Tami, Mark",Labour
348,Louth and Horncastle,1930-02-01,15852,1959-10-08,M,"Tapsell, Sir Peter",Conservative
505,Stockton South,1944-12-13,2868,1997-05-01,F,"Taylor, Ms Dari",Labour
342,North West Leicestershire,1946-08-22,2868,1997-05-01,M,"Taylor, David",Labour
101,Esher and Walton,1945-04-18,6433,1987-06-11,M,"Taylor, Mr Ian",Conservative
313,Solihull,1941-08-19,7872,1983-06-09,M,"Taylor, Mr John D.",Conservative
1472,Wyre Forest,1934-07-07,1394,2001-06-07,M,"Taylor, Dr Richard",Independent
42,Rochford and Southend East,1937-04-18,14234,1964-10-15,M,"Taylor, Sir Teddy",Conservative
407,Dewsbury,1947-07-02,9544,1974-10-10,F,"Taylor of Bolton, B.",Labour
228,Truro and St Austell,1963-01-03,6500,1987-03-12,M,"Taylor of Goss Moor, L.",Liberal Democrat
1170,Brent East,1974-06-01,561,2003-09-18,F,"Teather, Sarah",Liberal Democrat
177,Harrow West,1967-07-15,2868,1997-05-01,M,"Thomas, Gareth",Labour
532,Clwyd West,1954-09-25,2868,1997-05-01,M,"Thomas, Gareth",Labour
538,Ceredigion,1963-12-28,1860,2000-02-03,M,"Thomas, Mr Simon",Plaid Cymru
1399,"Caithness, Sutherland and Easter Ross",1953-09-10,1394,2001-06-07,M,"Thurso, V.",Liberal Democrat
163,East Ham,1955-07-29,3902,1994-06-09,M,"Timms, Stephen",Labour
367,Sherwood,1949-10-24,4693,1992-04-09,M,"Tipping, Paddy",Labour
332,South Derbyshire,1954-12-29,2868,1997-05-01,M,"Todd, Mr Mark",Labour
200,Richmond Park,1941-02-19,2868,1997-05-01,F,"Tonge, B.",Liberal Democrat
542,Islwyn,1947-12-05,3650,1995-02-16,M,"Touhig, L.",Labour
335,Bosworth,1950-01-19,6433,1987-06-11,M,"Tredinnick, David",Conservative
13,Windsor,1952-04-19,4693,1992-04-09,M,"Trend, Mr Michael",Conservative
410,Hemsworth,1950-07-02,3300,1996-02-01,M,"Trickett, Jon",Labour
658,Upper Bann,1944-10-15,5362,1990-05-17,M,"Trimble, L.",Ulster Unionist Party
421,Pudsey,1955-11-17,2868,1997-05-01,M,"Truswell, Mr Paul",Labour
1426,Isle of Wight,1953-10-24,1394,2001-06-07,M,"Turner, Mr Andrew",Conservative
23,"Brighton, Kemptown",1939-07-17,2868,1997-05-01,M,"Turner, Dr Desmond",Labour
460,Wigan,1945-09-16,1993,1999-09-23,M,"Turner, Mr Neil",Labour
429,Halton,1959-07-09,2868,1997-05-01,M,"Twigg, Derek",Labour
167,"Enfield, Southgate",1966-12-25,2868,1997-05-01,M,"Twigg, Stephen",Labour
225,North Cornwall,1941-10-29,4897,1974-02-28,M,"Tyler, L.",Liberal Democrat
618,Hamilton South,1940-08-18,1993,1999-09-23,M,"Tynan, Mr Bill",Labour
112,Chichester,1957-01-15,2868,1997-05-01,M,"Tyrie, Mr Andrew",Conservative
338,Leicester East,1956-11-26,6433,1987-06-11,M,"Vaz, Keith",Labour
52,Gosport,1938-03-13,11187,1974-02-28,M,"Viggers, Sir Peter",Conservative
170,Finchley and Golders Green,1941-04-04,2868,1997-05-01,M,"Vis, Dr Rudi",Labour
286,Stoke-on-Trent North,1949-01-23,6433,1987-06-11,F,"Walley, Joan",Labour
244,North Dorset,1948-05-30,2868,1997-05-01,M,"Walter, Mr Robert",Conservative
73,Watford,1972-05-09,2868,1997-05-01,F,"Ward, Claire",Labour
487,"Liverpool, West Derby",1930-08-20,7872,1983-06-09,M,"Wareing, Mr Robert N.",Labour
25,Eastbourne,1950-10-12,4693,1992-04-09,M,"Waterson, Mr Nigel",Conservative
1462,Upminster,1941-11-18,1394,2001-06-07,F,"Watkinson, Dame Angela",Conservative
1463,West Bromwich East,1967-01-08,1394,2001-06-07,M,"Watson, Tom",Labour
489,St Helens North,1951-08-26,2868,1997-05-01,M,"Watts, L.",Labour
220,Northavon,1965-07-18,2868,1997-05-01,M,"Webb, Steve",Liberal Democrat
1384,Angus,1957-03-24,1394,2001-06-07,M,"Weir, Mike",Scottish National Party
20,North East Milton Keynes,1957-05-05,2868,1997-05-01,M,"White, Brian",Labour
62,"Southampton, Test",1950-09-15,2868,1997-05-01,M,"Whitehead, Dr Alan",Labour
39,Maldon and East Chelmsford,1959-10-16,4693,1992-04-09,M,"Whittingdale, Mr John",Conservative
156,Croydon North,1947-07-01,4693,1992-04-09,M,"Wicks, Malcolm",Labour
85,Maidstone and The Weald,1947-10-04,6433,1987-06-11,F,"Widdecombe, Miss Ann",Conservative
1428,Leominster,1966-06-04,1394,2001-06-07,M,"Wiggin, Bill",Conservative
202,Ruislip - Northwood,1940-09-23,10674,1970-06-18,M,"Wilkinson, Mr John",Conservative
53,Havant,1956-03-09,4693,1992-04-09,M,"Willetts, L.",Conservative
569,Swansea West,1930-10-14,14549,1964-10-15,M,"Williams, Mr Alan",Labour
548,Conwy,1944-07-31,2868,1997-05-01,F,"Williams, Mrs Betty",Labour
1397,Caernarfon,1953-05-14,1394,2001-06-07,M,"Williams, Hywel",Plaid Cymru
1394,Brecon and Radnorshire,1948-01-22,1394,2001-06-07,M,"Williams, Roger",Liberal Democrat
4151,Harrogate and Knaresborough,1941-11-30,2868,1997-05-01,M,"Willis of Knaresborough, L.",Liberal Democrat
260,North Swindon,1952-05-20,2868,1997-05-01,M,"Wills, L.",Labour
107,Spelthorne,1943-09-16,6433,1987-06-11,M,"Wilshire, Mr David",Conservative
585,Cunninghame North,1948-12-13,6433,1987-06-11,M,"Wilson, Mr Brian",Labour
316,Walsall North,1933-06-26,10863,1966-03-31,M,"Winnick, Mr David",Labour
425,Congleton,1941-03-06,7872,1983-06-09,F,"Winterton, Ann",Conservative
430,Macclesfield,1938-03-31,12049,1971-09-30,M,"Winterton, Sir Nicholas",Conservative
390,Doncaster Central,1958-08-10,2868,1997-05-01,F,"Winterton, Dame Rosie",Labour
1440,North Tayside,1962-03-09,1394,2001-06-07,M,"Wishart, Pete",Scottish National Party
401,Batley and Spen,1946-03-03,2868,1997-05-01,M,"Wood, Mike",Labour
98,St Helens South,1958-10-26,2868,1997-05-01,M,"Woodward, Mr Shaun",Labour
453,Oldham East and Saddleworth,1959-12-11,2868,1997-05-01,M,"Woolas, Mr Phil",Labour
581,Clydebank and Milngavie,1941-10-11,6433,1987-06-11,M,"Worthington, Tony",Labour
606,"Glasgow, Baillieston",1938-04-28,6433,1987-06-11,M,"Wray, Mr Jimmy",Labour
125,Great Yarmouth,1954-08-12,2868,1997-05-01,M,"Wright, Mr Anthony",Labour
1461,Telford,1966-12-22,1394,2001-06-07,M,"Wright, David",Labour
1478,Hartlepool,1972-05-09,183,2004-09-30,M,"Wright, Mr Iain",Labour
279,Cannock Chase,1948-03-11,4693,1992-04-09,M,"Wright, Dr Tony",Labour
89,Sittingbourne and Sheppey,1949-12-04,2868,1997-05-01,M,"Wyatt, Derek",Labour
136,South Suffolk,1945-03-20,7872,1983-06-09,M,"Yeo, Mr Tim",Conservative
57,North West Hampshire,1941-07-16,11187,1974-02-28,M,"Young of Cookham, L.",Conservative
1460,Teignbridge,1953-01-29,1394,2001-06-07,M,"Younger-Ross, Richard",Liberal Democrat
