member_id,constituency,date_of_birth,days_service,first_start_date,gender,list_name,party
172,Hackney North and Stoke Newington,1953-09-27,7139,1987-06-11,F,"Abbott, Ms Diane",Labour
645,Belfast West,1948-10-06,6753,1983-06-09,M,"Adams, Mr Gerry",Sinn Féin
1586,Windsor,1965-08-04,696,2005-05-05,M,"Afriyie, Adam",Conservative
537,Carmarthen West and South Pembrokeshire,1949-10-24,5399,1992-04-09,M,"Ainger, Nick",Labour
306,Coventry North East,1952-06-19,5399,1992-04-09,M,"Ainsworth, Mr Bob",Labour
99,East Surrey,1956-11-16,5399,1992-04-09,M,"Ainsworth, Mr Peter",Conservative
1535,"Inverness, Nairn, Badenoch and Strathspey",1972-05-15,696,2005-05-05,M,"Alexander, Danny",Liberal Democrat
632,Paisley and Renfrewshire South,1967-10-26,3385,1997-11-06,M,"Alexander, Mr Douglas",Labour
364,Nottingham North,1953-01-11,7139,1987-06-11,M,"Allen, Mr Graham",Labour
44,Southend West,1952-03-26,8578,1983-06-09,M,"Amess, Sir David",Conservative
1486,Blaydon,1953-12-02,696,2005-05-05,M,"Anderson, Mr David",Labour
475,Rossendale and Darwen,1949-12-06,5399,1992-04-09,F,"Anderson, Janet",Labour
56,North East Hampshire,1952-08-04,7139,1987-06-11,M,"Arbuthnot of Edrom, L.",Conservative
4150,North West Durham,1945-11-30,7139,1987-06-11,F,"Armstrong of Hill Top, B.",Labour
284,Staffordshire Moorlands,1950-09-24,3574,1997-05-01,F,"Atkins, Charlotte",Labour
515,Hexham,1943-01-19,5399,1992-04-09,M,"Atkinson, Mr Peter",Conservative
1511,Dudley North,1965-03-06,696,2005-05-05,M,"Austin, Ian",Labour
168,Erith and Thamesmead,1944-08-21,5399,1992-04-09,M,"Austin, John",Labour
1451,South Norfolk,1962-12-03,2100,2001-06-07,M,"Bacon, Mr Richard",Conservative
320,West Bromwich West,1945-12-11,2272,2000-11-23,M,"Bailey, Mr Adrian",Labour
1445,Redcar,1950-02-13,2100,2001-06-07,F,"Baird, Vera",Labour
28,Lewes,1957-07-26,3574,1997-05-01,M,"Baker, Norman",Liberal Democrat
93,Banbury,1950-07-10,8578,1983-06-09,M,"Baldry, Sir Tony",Conservative
1549,Normanton,1967-02-25,696,2005-05-05,M,"Balls, Ed",Labour
1589,Ochil and South Perthshire,1955-06-14,696,2005-05-05,M,"Banks, Gordon",Labour
4149,North Antrim,1926-04-06,13187,1970-06-18,M,"Bannside, L.",Democratic Unionist Party
1389,Bexhill and Battle,1966-03-08,2100,2001-06-07,M,"Barker of Battle, L.",Conservative
1532,Hove,1955-09-28,696,2005-05-05,F,"Barlow, Ms Celia",Labour
1390,Billericay,1959-06-21,2100,2001-06-07,M,"Baron, Mr John",Conservative
1412,Edinburgh West,1954-02-11,2100,2001-06-07,M,"Barrett, John",Liberal Democrat
392,Rother Valley,1946-10-26,8578,1983-06-09,M,"Barron, Sir Kevin",Labour
417,Leeds West,1951-04-26,7139,1987-06-11,M,"Battle, John",Labour
385,City of York,1952-01-09,5399,1992-04-09,M,"Bayley, Sir Hugh",Labour
328,Derby South,1943-01-15,10218,1974-10-10,F,"Beckett, Margaret",Labour
572,Aberdeen South,1955-12-06,3574,1997-05-01,F,"Begg, Dame Anne",Labour
513,Berwick-upon-Tweed,1943-04-20,11985,1973-11-08,M,"Beith, L.",Liberal Democrat
501,Middlesbrough,1938-05-16,8578,1983-06-09,M,"Bell, Sir Stuart",Labour
1441,North West Norfolk,1955-03-29,7104,1983-06-09,M,"Bellingham, Sir Henry",Conservative
413,Leeds Central,1953-11-26,2804,1999-06-10,M,"Benn, Hilary",Labour
479,Bootle,1933-09-28,5893,1990-11-08,M,"Benton, Mr Joe",Labour
1547,Newbury,1960-10-21,696,2005-05-05,M,"Benyon, Richard",Conservative
17,Buckingham,1963-01-19,3574,1997-05-01,M,"Bercow, John",Conservative
103,Mole Valley,1946-04-06,5399,1992-04-09,M,"Beresford, Sir Paul",Conservative
219,Kingswood,1948-07-04,5399,1992-04-09,M,"Berry, Roger",Labour
394,"Sheffield, Attercliffe",1950-01-13,5399,1992-04-09,M,"Betts, Mr Clive",Labour
1550,Northampton South,1942-04-01,696,2005-05-05,M,"Binley, Mr Brian",Conservative
329,Erewash,1949-09-26,3574,1997-05-01,F,"Blackman, Liz",Labour
1501,City of Durham,1957-08-16,696,2005-05-05,F,"Blackman-Woods, Dr Roberta",Labour
512,Sedgefield,1953-05-06,8578,1983-06-09,M,"Blair, Mr Tony",Labour
456,Salford,1956-05-14,3574,1997-05-01,F,"Blears, Hazel",Labour
497,Penrith and The Border,1953-05-16,8529,1983-07-28,M,"Blencathra, L.",Conservative
138,Waveney,1950-05-31,3574,1997-05-01,M,"Blizzard, Mr Bob",Labour
395,"Sheffield, Brightside",1947-06-06,7139,1987-06-11,M,"Blunkett, L.",Labour
104,Reigate,1960-07-15,3574,1997-05-01,M,"Blunt, Crispin",Conservative
1581,Wellingborough,1952-10-19,696,2005-05-05,M,"Bone, Mr Peter",Conservative
476,South Ribble,1952-08-02,3574,1997-05-01,M,"Borrow, Mr David S.",Labour
352,Daventry,1942-12-02,7139,1987-06-11,M,"Boswell of Aynho, L.",Conservative
117,Worthing West,1944-07-30,11430,1975-06-26,M,"Bottomley, Sir Peter",Conservative
230,Exeter,1960-08-30,3574,1997-05-01,M,"Bradshaw, Mr Ben",Labour
435,Altrincham and Sale West,1967-05-20,3574,1997-05-01,M,"Brady, Sir Graham",Conservative
151,Carshalton and Wallington,1962-05-06,3574,1997-05-01,M,"Brake, Tom",Liberal Democrat
77,Canterbury,1953-07-24,7139,1987-06-11,M,"Brazier, Sir Julian",Conservative
226,South East Cornwall,1947-05-04,3574,1997-05-01,M,"Breed, Mr Colin",Liberal Democrat
1400,Cardiff West,1959-10-16,2100,2001-06-07,M,"Brennan, Kevin",Labour
1530,Hornchurch,1968-01-08,696,2005-05-05,M,"Brokenshire, James",Conservative
1431,Mid Dorset and North Poole,1947-06-07,2100,2001-06-07,F,"Brooke, Annette",Liberal Democrat
591,Kirkcaldy and Cowdenbeath,1951-02-20,8578,1983-06-09,M,"Brown, Mr Gordon",Labour
1583,West Ham,1960-04-13,696,2005-05-05,F,"Brown, Lyn",Labour
523,Newcastle upon Tyne East and Wallsend,1950-06-13,8578,1983-06-09,M,"Brown, Mr Nicholas",Labour
588,Dumfries and Galloway,1951-09-17,3574,1997-05-01,M,"Brown, Mr Russell",Labour
1575,Taunton,1970-05-17,696,2005-05-05,M,"Browne, Mr Jeremy",Liberal Democrat
620,Kilmarnock and Loudoun,1952-03-22,3574,1997-05-01,M,"Browne of Ladyton, L.",Labour
236,Tiverton and Honiton,1946-12-04,5399,1992-04-09,F,"Browning, B.",Conservative
615,Gordon,1944-11-17,8578,1983-06-09,M,"Bruce of Bennachie, L.",Liberal Democrat
1446,Rhondda,1962-01-11,2100,2001-06-07,M,"Bryant, Chris",Labour
199,Regent's Park and Kensington North,1958-08-30,3574,1997-05-01,F,"Buck, Ms Karen",Labour
301,"Birmingham, Northfield",1954-09-01,5399,1992-04-09,M,"Burden, Richard",Labour
408,Elmet,1948-04-22,3574,1997-05-01,M,"Burgon, Colin",Labour
1427,Leigh,1970-01-07,2100,2001-06-07,M,"Burnham, Andy",Labour
46,West Chelmsford,1952-09-06,7139,1987-06-11,M,"Burns, Sir Simon",Conservative
1518,"Enfield, Southgate",1969-06-12,696,2005-05-05,M,"Burrowes, Mr David",Conservative
204,Sutton and Cheam,1962-05-13,3574,1997-05-01,M,"Burstow, Paul",Liberal Democrat
1201,North East Bedfordshire,1955-05-25,7104,1983-06-09,M,"Burt, Alistair",Conservative
1567,Solihull,1954-09-10,696,2005-05-05,F,"Burt of Solihull, B.",Liberal Democrat
1489,Brent South,1969-11-03,696,2005-05-05,F,"Butler, Dawn",Labour
241,Bournemouth West,1941-02-14,8578,1983-06-09,M,"Butterfill, Sir John",Conservative
524,North Tyneside,1953-04-13,5399,1992-04-09,M,"Byers, Mr Stephen",Labour
1171,"Birmingham, Hodge Hill",1970-10-02,966,2004-07-15,M,"Byrne, Liam",Labour
207,Twickenham,1943-05-09,3574,1997-05-01,M,"Cable, Sir Vince",Liberal Democrat
396,Sheffield Central,1943-10-06,8578,1983-06-09,M,"Caborn, Mr Richard",Labour
1421,Inverclyde,1966-08-07,2100,2001-06-07,M,"Cairns, David",Labour
1467,Witney,1966-10-09,2100,2001-06-07,M,"Cameron, Mr David",Conservative
529,Tynemouth,1957-07-08,3574,1997-05-01,M,"Campbell, Mr Alan",Labour
1409,East Londonderry,1953-02-15,2100,2001-06-07,M,"Campbell, Mr Gregory",Democratic Unionist Party
514,Blyth Valley,1943-08-14,7139,1987-06-11,M,"Campbell, Mr Ronnie",Labour
627,North East Fife,1941-05-22,7139,1987-06-11,M,"Campbell of Pittenweem, L.",Liberal Democrat
1442,Orkney and Shetland,1965-07-15,2100,2001-06-07,M,"Carmichael, Mr Alistair",Liberal Democrat
1527,Harwich,1971-05-03,696,2005-05-05,M,"Carswell, Mr Douglas",Conservative
288,Stone,1940-05-10,8249,1984-05-03,M,"Cash, Sir William",Conservative
566,Gower,1951-06-15,3574,1997-05-01,M,"Caton, Martin",Labour
369,Brigg and Goole,1960-04-14,3574,1997-05-01,M,"Cawsey, Mr Ian",Labour
1434,Morley and Rothwell,1953-06-12,2100,2001-06-07,M,"Challen, Colin",Labour
492,Wirral South,1940-07-08,3614,1997-02-27,M,"Chapman, Ben",Labour
440,Bury North,1949-08-03,3574,1997-05-01,M,"Chaytor, Mr David",Labour
242,Christchurch,1947-05-19,6753,1983-06-09,M,"Chope, Sir Christopher",Conservative
388,Barnsley West and Penistone,1943-05-15,5399,1992-04-09,M,"Clapham, Mr Michael",Labour
67,Hertsmere,1956-09-14,5399,1992-04-09,M,"Clappison, Mr James",Conservative
1578,Tunbridge Wells,1967-08-28,696,2005-05-05,M,"Clark, Greg",Conservative
1590,North Ayrshire and Arran,1967-07-03,696,2005-05-05,F,"Clark, Katy",Labour
83,Gillingham,1957-04-29,3574,1997-05-01,M,"Clark, Paul",Labour
130,Norwich South,1950-09-21,3574,1997-05-01,M,"Clarke, Mr Charles",Labour
366,Rushcliffe,1940-07-02,13224,1970-06-18,M,"Clarke, Mr Kenneth",Conservative
583,"Coatbridge, Chryston and Bellshill",1941-01-10,8901,1982-06-24,M,"Clarke, Mr Tom",Labour
1563,"Sheffield, Hallam",1967-01-07,696,2005-05-05,M,"Clegg, Mr Nick",Liberal Democrat
528,Tyne Bridge,1943-06-27,7668,1985-12-05,M,"Clelland, Mr David",Labour
249,Cotswold,1953-03-23,5399,1992-04-09,M,"Clifton-Brown, Sir Geoffrey",Conservative
553,Cynon Valley,1937-03-21,8249,1984-05-03,F,"Clwyd, Ann",Labour
360,Gedling,1953-06-17,3574,1997-05-01,M,"Coaker, Vernon",Labour
458,Stockport,1946-08-31,5399,1992-04-09,F,"Coffey, Ann",Labour
192,Leyton and Wanstead,1949-12-10,8578,1983-06-09,M,"Cohen, Harry",Labour
602,Linlithgow and East Falkirk,1947-09-03,5399,1992-04-09,M,"Connarty, Michael",Labour
1202,Old Bexley and Sidcup,1953-02-15,7104,1983-06-09,M,"Conway, Derek",Conservative
504,Stockton North,1935-11-03,8578,1983-06-09,M,"Cook, Frank",Labour
623,Not serving on 2007-04-01,1946-02-28,11290,1974-02-28,M,"Cook, Mr Robin",Labour
1538,West Lancashire,1950-09-05,696,2005-05-05,F,"Cooper, Rosie",Labour
420,Pontefract and Castleford,1969-03-20,3574,1997-05-01,F,"Cooper, Yvette",Labour
185,Islington North,1949-05-26,8578,1983-06-09,M,"Corbyn, Jeremy",Labour
282,South Staffordshire,1939-05-18,13224,1970-06-18,M,"Cormack, L.",Conservative
521,Newcastle upon Tyne Central,1944-02-23,7139,1987-06-11,M,"Cousins, Jim",Labour
1508,Torridge and West Devon,1960-04-30,696,2005-05-05,M,"Cox, Mr Geoffrey",Conservative
1554,Preseli Pembrokeshire,1973-01-20,696,2005-05-05,M,"Crabb, Stephen",Conservative
437,Bolton North East,1946-06-17,3574,1997-05-01,M,"Crausby, Sir David",Labour
1579,Wakefield,1967-12-02,696,2005-05-05,F,"Creagh, Mary",Labour
1406,Dagenham,1962-04-07,2100,2001-06-07,M,"Cruddas, Jon",Labour
412,Keighley,1939-12-14,3574,1997-05-01,F,"Cryer, Mrs Ann",Labour
509,Easington,1943-07-06,7139,1987-06-11,M,"Cummings, John",Labour
308,Coventry South,1941-02-04,5399,1992-04-09,M,"Cunningham, Mr Jim",Labour
1469,Workington,1952-09-16,2100,2001-06-07,M,"Cunningham, Sir Tony",Labour
383,Skipton and Ripon,1944-06-13,7139,1987-06-11,M,"Curry, Mr David",Conservative
480,Crosby,1958-04-30,3574,1997-05-01,F,"Curtis-Thomas, Mrs Claire",Labour
596,Edinburgh South West,1953-11-28,7139,1987-06-11,M,"Darling of Roulanish, L.",Labour
188,Kingston and Surbiton,1965-12-25,3574,1997-05-01,M,"Davey, Sir Edward",Liberal Democrat
1398,Caerphilly,1957-07-01,2100,2001-06-07,M,"David, Wayne",Labour
611,Glasgow South West,1950-09-08,5399,1992-04-09,M,"Davidson, Mr Ian",Labour
1602,Blaenau Gwent,1959-11-26,276,2006-06-29,M,"Davies, Mr Dai",Independent
1545,Monmouth,1970-06-01,696,2005-05-05,M,"Davies, David T. C.",Conservative
1565,Shipley,1972-01-05,696,2005-05-05,M,"Davies, Philip",Conservative
346,Grantham and Stamford,1944-05-29,7139,1987-06-11,M,"Davies of Stamford, L.",Conservative
373,Haltemprice and Howden,1948-12-23,7139,1987-06-11,M,"Davis, Mr David",Conservative
278,Burton,1949-01-28,3574,1997-05-01,F,"Dean, Mrs Janet",Labour
4154,Suffolk Coastal,1939-11-26,11380,1970-06-18,M,"Deben, L.",Conservative
61,"Southampton, Itchen",1953-07-15,5399,1992-04-09,M,"Denham, Mr John",Labour
1599,Livingston,1953-05-24,549,2005-09-29,M,"Devine, Mr Jim",Labour
1420,Gloucester,1971-09-17,2100,2001-06-07,M,"Dhanda, Mr Parmjit",Labour
179,Hendon,1954-09-02,3574,1997-05-01,M,"Dismore, Mr Andrew",Labour
1425,Huntingdon,1965-06-03,2100,2001-06-07,M,"Djanogly, Mr Jonathan",Conservative
446,Heywood and Middleton,1941-05-26,3574,1997-05-01,M,"Dobbin, Jim",Labour
180,Holborn and St Pancras,1940-03-15,10049,1979-05-03,M,"Dobson, Frank",Labour
1388,Belfast North,1958-08-20,2100,2001-06-07,M,"Dodds, Nigel",Democratic Unionist Party
1465,West Tyrone,1945-07-18,2100,2001-06-07,M,"Doherty, Mr Pat",Sinn Féin
650,Lagan Valley,1962-12-07,3574,1997-05-01,M,"Donaldson, Sir Jeffrey M.",Democratic Unionist Party
586,Central Ayrshire,1948-09-10,5399,1992-04-09,M,"Donohoe, Mr Brian H.",Labour
570,Aberdeen North,1949-04-13,5314,1987-06-11,M,"Doran, Mr Frank",Labour
336,Charnwood,1952-03-25,10049,1979-05-03,M,"Dorrell, Mr Stephen",Conservative
1481,Mid Bedfordshire,1957-05-21,696,2005-05-05,F,"Dorries, Ms Nadine",Conservative
189,Lewisham West,1951-03-05,5399,1992-04-09,M,"Dowd, Jim",Labour
252,Stroud,1952-04-13,3574,1997-05-01,M,"Drew, Dr David",Labour
1559,Rochford and Southend East,1971-08-26,696,2005-05-05,M,"Duddridge, James",Conservative
343,Rutland and Melton,1957-03-31,5399,1992-04-09,M,"Duncan, Sir Alan",Conservative
152,Chingford and Woodford Green,1954-04-09,5399,1992-04-09,M,"Duncan Smith, Mr Iain",Conservative
1542,Ludlow,1958-08-14,696,2005-05-05,M,"Dunne, Mr Philip",Conservative
426,Crewe and Nantwich,1930-12-12,13413,1966-03-31,F,"Dunwoody, Mrs Gwyneth",Labour
1594,Foyle,1960-06-26,696,2005-05-05,M,"Durkan, Mark",Social Democratic & Labour Party
491,Wallasey,1961-02-17,5399,1992-04-09,F,"Eagle, Ms Angela",Labour
483,"Liverpool, Garston",1961-02-17,3574,1997-05-01,F,"Eagle, Maria",Labour
165,Eltham,1958-07-10,3574,1997-05-01,M,"Efford, Clive",Labour
484,"Liverpool, Riverside",1945-11-14,3574,1997-05-01,F,"Ellman, Mrs Louise",Labour
1487,Bournemouth East,1966-08-12,696,2005-05-05,M,"Ellwood, Mr Tobias",Conservative
1507,North East Derbyshire,1967-04-09,696,2005-05-05,F,"Engel, Natascha",Labour
387,Barnsley East and Mexborough,1952-11-13,3691,1996-12-12,M,"Ennis, Jeff",Labour
526,Sunderland North,1941-07-17,5399,1992-04-09,M,"Etherington, Bill",Labour
474,Ribble Valley,1957-11-10,5399,1992-04-09,M,"Evans, Mr Nigel",Conservative
1198,Bexleyheath and Crayford,1949-06-03,5700,1983-06-09,M,"Evennett, David",Conservative
280,Lichfield,1950-06-12,5399,1992-04-09,M,"Fabricant, Michael",Conservative
88,Sevenoaks,1952-05-14,6753,1983-06-09,M,"Fallon, Sir Michael",Conservative
1436,Newcastle-under-Lyme,1962-03-02,2100,2001-06-07,M,"Farrelly, Paul",Labour
1591,Westmorland and Lonsdale,1970-05-27,696,2005-05-05,M,"Farron, Tim",Liberal Democrat
1531,Hornsey and Wood Green,1951-12-20,696,2005-05-05,F,"Featherstone, B.",Liberal Democrat
478,Birkenhead,1942-07-16,10049,1979-05-03,M,"Field, Frank",Labour
1405,Cities of London and Westminster,1964-10-06,2100,2001-06-07,M,"Field, Mark",Conservative
285,Stoke-on-Trent Central,1944-10-29,8578,1983-06-09,M,"Fisher, Mark",Labour
197,Poplar and Canning Town,1952-04-04,3574,1997-05-01,M,"Fitzpatrick, Jim",Labour
1569,Stoke-on-Trent South,1966-01-14,696,2005-05-05,M,"Flello, Robert",Labour
389,Don Valley,1961-09-20,3574,1997-05-01,F,"Flint, Caroline",Labour
545,Newport West,1935-02-09,7139,1987-06-11,M,"Flynn, Paul",Labour
72,Stevenage,1942-12-25,3574,1997-05-01,F,"Follett, Barbara",Labour
271,Worcester,1963-03-14,3574,1997-05-01,M,"Foster, Mr Michael",Labour
26,Hastings and Rye,1946-02-26,3574,1997-05-01,M,"Foster, Michael Jabez",Labour
214,Bath,1947-03-31,5399,1992-04-09,M,"Foster of Bath, L.",Liberal Democrat
223,Woodspring,1961-09-22,5399,1992-04-09,M,"Fox, Dr Liam",Conservative
134,Central Suffolk and North Ipswich,1938-10-17,8578,1983-06-09,M,"Framlingham, L.",Independent
1382,Aberavon,1946-06-06,2100,2001-06-07,M,"Francis, Dr Hywel",Labour
1444,Rayleigh,1965-08-14,2100,2001-06-07,M,"Francois, Mr Mark",Conservative
243,South West Norfolk,1962-10-25,2170,1997-05-01,M,"Fraser, Christopher",Conservative
87,North Thanet,1943-08-20,8578,1983-06-09,M,"Gale, Sir Roger",Conservative
609,Bethnal Green and Bow,1954-08-16,7139,1987-06-11,M,"Galloway, Mr George",Respect
184,Ilford South,1952-09-04,5399,1992-04-09,M,"Gapes, Mike",Labour
146,Brent North,1957-03-10,3574,1997-05-01,M,"Gardiner, Barry",Labour
337,Harborough,1952-10-26,5399,1992-04-09,M,"Garnier, Sir Edward",Conservative
1529,South West Hertfordshire,1971-10-08,696,2005-05-05,M,"Gauke, Mr David",Conservative
227,St Ives,1958-12-02,3574,1997-05-01,M,"George, Andrew",Liberal Democrat
317,Walsall South,1942-06-01,11893,1974-02-28,M,"George, Mr Bruce",Labour
211,Walthamstow,1942-07-03,5399,1992-04-09,M,"Gerrard, Mr Neil",Labour
111,Bognor Regis and Littlehampton,1960-09-03,3574,1997-05-01,M,"Gibb, Nick",Conservative
129,Norwich North,1938-09-26,3574,1997-05-01,M,"Gibson, Dr Ian",Labour
60,Romsey,1957-03-26,2475,2000-05-04,F,"Gidley, Sandra",Liberal Democrat
1416,Fermanagh and South Tyrone,1970-03-28,2100,2001-06-07,F,"Gildernew, Michelle",Sinn Féin
18,Chesham and Amersham,1952-04-21,5399,1992-04-09,F,"Gillan, Dame Cheryl",Conservative
233,"Plymouth, Sutton",1949-07-19,3574,1997-05-01,F,"Gilroy, Linda",Labour
304,"Birmingham, Sparkbrook and Small Heath",1946-06-28,5399,1992-04-09,M,"Godsiff, Mr Roger",Labour
462,Wythenshawe and Sale East,1953-06-16,3574,1997-05-01,M,"Goggins, Paul",Labour
1519,Falmouth and Camborne,1978-09-10,696,2005-05-05,F,"Goldsworthy, Julia",Liberal Democrat
1484,Bishop Auckland,1958-01-02,696,2005-05-05,F,"Goodman, Helen",Labour
1471,Wycombe,1959-11-17,2100,2001-06-07,M,"Goodman, Mr Paul",Conservative
1562,Scarborough and Whitby,1956-12-31,696,2005-05-05,M,"Goodwill, Mr Robert",Conservative
1571,Surrey Heath,1967-08-26,696,2005-05-05,M,"Gove, Michael",Conservative
261,North Wiltshire,1954-11-07,3574,1997-05-01,M,"Gray, James",Conservative
1413,Epsom and Ewell,1962-04-01,2100,2001-06-07,M,"Grayling, Chris",Conservative
76,Ashford,1956-01-17,3574,1997-05-01,M,"Green, Damian",Conservative
1555,Putney,1969-04-30,696,2005-05-05,F,"Greening, Justine",Conservative
380,Ryedale,1946-02-15,7139,1987-06-11,M,"Greenway, Mr John",Conservative
16,Beaconsfield,1956-05-24,3574,1997-05-01,M,"Grieve, Mr Dominic",Conservative
1541,Llanelli,1956-12-04,696,2005-05-05,F,"Griffith, Nia",Labour
600,Edinburgh South,1955-05-20,7139,1987-06-11,M,"Griffiths, Nigel",Labour
382,Selby,1961-02-24,3574,1997-05-01,M,"Grogan, John",Labour
1506,Denton and Reddish,1974-06-04,696,2005-05-05,M,"Gwynne, Andrew",Labour
379,Richmond (Yorks),1961-03-26,6516,1989-02-23,M,"Hague of Richmond, L.",Conservative
349,Sleaford and North Hykeham,1945-02-05,10049,1979-05-03,M,"Hailsham, V.",Conservative
567,Neath,1950-02-16,5746,1991-04-04,M,"Hain, L.",Labour
434,Weaver Vale,1952-09-20,5399,1992-04-09,M,"Hall, Mr Mike",Labour
1,Bedford,1951-10-20,3574,1997-05-01,M,"Hall, Patrick",Labour
1432,Midlothian,1950-10-24,2100,2001-06-07,M,"Hamilton, Mr David",Labour
415,Leeds North East,1955-04-12,3574,1997-05-01,M,"Hamilton, Fabian",Labour
105,Runnymede and Weybridge,1955-12-04,3574,1997-05-01,M,"Hammond, Mr Philip",Conservative
1585,Wimbledon,1962-02-04,696,2005-05-05,M,"Hammond, Stephen",Conservative
59,Portsmouth South,1946-04-09,4642,1984-06-14,M,"Hancock, Mr Mike",Liberal Democrat
1526,Hammersmith and Fulham,1965-11-14,696,2005-05-05,M,"Hands, Greg",Conservative
533,Delyn,1957-07-05,5399,1992-04-09,M,"Hanson, David",Labour
150,Camberwell and Peckham,1950-07-30,8775,1982-10-28,F,"Harman, Ms Harriet",Labour
1520,Forest of Dean,1970-02-26,696,2005-05-05,M,"Harper, Mr Mark",Conservative
96,Oxford West and Abingdon,1965-10-21,3574,1997-05-01,M,"Harris, Dr Evan",Liberal Democrat
1418,Glasgow South,1964-02-20,2100,2001-06-07,M,"Harris, Mr Tom",Labour
231,North Devon,1961-08-03,5399,1992-04-09,M,"Harvey, Sir Nick",Liberal Democrat
43,Saffron Walden,1937-06-23,12019,1970-06-18,M,"Haselhurst, Sir Alan",Independent
1430,Merthyr Tydfil and Rhymney,1950-02-07,2100,2001-06-07,M,"Havard, Mr Dai",Labour
350,South Holland and The Deepings,1958-06-23,3574,1997-05-01,M,"Hayes, Mr John",Conservative
311,Halesowen and Rowley Regis,1942-07-20,4299,1990-03-22,F,"Heal, Sylvia",Independent
69,North East Hertfordshire,1954-12-15,5399,1992-04-09,M,"Heald, Sir Oliver",Conservative
400,Wentworth,1960-02-13,3574,1997-05-01,M,"Healey, John",Labour
255,Somerton and Frome,1954-03-16,3574,1997-05-01,M,"Heath, Mr David",Liberal Democrat
257,Wells,1949-03-21,8578,1983-06-09,M,"Heathcoat-Amory, Mr David",Conservative
1483,"Birmingham, Yardley",1960-03-16,696,2005-05-05,M,"Hemming, John",Liberal Democrat
522,Newcastle upon Tyne North,1949-06-09,7139,1987-06-11,M,"Henderson, Mr Doug",Labour
473,Preston,1958-11-02,2272,2000-11-23,M,"Hendrick, Sir Mark",Labour
1220,Wealden,1959-05-06,3925,1992-04-09,M,"Hendry, Charles",Conservative
520,Jarrow,1959-12-06,3574,1997-05-01,M,"Hepburn, Mr Stephen",Labour
363,Nottingham East,1948-11-03,5399,1992-04-09,M,"Heppell, Mr John",Labour
1479,Arundel and South Downs,1963-04-07,696,2005-05-05,M,"Herbert, Nick",Conservative
1437,North Down,1955-08-11,2100,2001-06-07,F,"Hermon, Lady",Ulster Unionist Party
493,Wirral West,1957-05-27,3574,1997-05-01,M,"Hesford, Stephen",Labour
340,Leicester West,1948-12-02,3574,1997-05-01,F,"Hewitt, Ms Patricia",Labour
1386,Ashton-under-Lyne,1946-04-02,2100,2001-06-07,M,"Heyes, David",Labour
203,Streatham,1943-07-28,5399,1992-04-09,M,"Hill, Keith",Labour
1524,Hackney South and Shoreditch,1969-02-14,696,2005-05-05,F,"Hillier, Meg",Labour
1414,Fareham,1964-03-31,2100,2001-06-07,M,"Hoban, Mr Mark",Conservative
140,Barking,1944-09-08,4608,1994-06-09,F,"Hodge, Dame Margaret",Labour
1521,Gateshead East and Washington West,1966-04-01,696,2005-05-05,F,"Hodgson, Mrs Sharon",Labour
210,Vauxhall,1946-06-21,6404,1989-06-15,F,"Hoey, Kate",Labour
1537,Kettering,1964-11-07,696,2005-05-05,M,"Hollobone, Mr Philip",Conservative
1522,Gravesham,1965-07-29,696,2005-05-05,M,"Holloway, Adam",Conservative
1404,Chesterfield,1957-01-16,2100,2001-06-07,M,"Holmes, Paul",Liberal Democrat
582,Lanark and Hamilton East,1948-05-16,7139,1987-06-11,M,"Hood, Mr Jim",Labour
357,Ashfield,1953-12-06,5399,1992-04-09,M,"Hoon, Mr Geoffrey",Labour
351,Corby,1955-04-19,3574,1997-05-01,M,"Hope, Phil",Labour
2,Luton North,1941-08-22,3574,1997-05-01,M,"Hopkins, Kelvin",Labour
196,Orpington,1939-03-07,10045,1970-06-18,M,"Horam, L.",Conservative
1499,Cheltenham,1962-10-12,696,2005-05-05,M,"Horwood, Martin",Liberal Democrat
1514,Dundee East,1963-01-03,696,2005-05-05,M,"Hosie, Stewart",Scottish National Party
82,Folkestone and Hythe,1941-07-07,8578,1983-06-09,M,"Howard of Lympne, L.",Conservative
1495,Cambridge,1958-11-10,696,2005-05-05,M,"Howarth, David",Liberal Democrat
481,Knowsley North and Sefton East,1949-06-29,7325,1986-11-13,M,"Howarth, Mr George",Labour
47,Aldershot,1947-09-12,6753,1983-06-09,M,"Howarth, Sir Gerald",Conservative
556,Pontypridd,1946-11-27,6516,1989-02-23,M,"Howells, Dr Kim",Labour
467,Chorley,1957-06-10,3574,1997-05-01,M,"Hoyle, Sir Lindsay",Labour
194,North Southwark and Bermondsey,1951-05-17,8656,1983-02-24,M,"Hughes, Simon",Liberal Democrat
459,Stretford and Urmston,1950-03-30,3574,1997-05-01,F,"Hughes of Stretford, B.",Labour
1517,Eastleigh,1954-07-02,696,2005-05-05,M,"Huhne, Chris",Liberal Democrat
464,Blackpool North and Fleetwood,1951-03-03,3574,1997-05-01,F,"Humble, Mrs Joan",Labour
1572,South West Surrey,1966-11-01,696,2005-05-05,M,"Hunt, Mr Jeremy",Conservative
1598,Cheadle,1957-07-25,626,2005-07-14,M,"Hunter, Mark",Liberal Democrat
1561,Ruislip - Northwood,1962-05-13,696,2005-05-05,M,"Hurd, Mr Nick",Conservative
494,Barrow and Furness,1955-05-06,5399,1992-04-09,M,"Hutton of Furness, L.",Labour
438,Bolton South East,1940-07-05,3574,1997-05-01,M,"Iddon, Dr Brian",Labour
386,Barnsley Central,1955-04-09,7139,1987-06-11,M,"Illsley, Mr Eric",Labour
593,"East Kilbride, Strathaven and Lesmahagow",1947-02-01,7139,1987-06-11,M,"Ingram, Mr Adam",Labour
1476,Ogmore,1963-01-22,1848,2002-02-14,M,"Irranca-Davies, Huw",Labour
468,Fylde,1946-09-17,7139,1987-06-11,M,"Jack, Mr Michael",Conservative
175,Hampstead and Highgate,1936-05-09,5399,1992-04-09,F,"Jackson, Glenda",Labour
1551,Peterborough,1965-01-31,696,2005-05-05,M,"Jackson, Mr Stewart",Conservative
1573,Swansea East,1959-06-24,696,2005-05-05,F,"James, Mrs Siân C.",Labour
40,North Essex,1959-04-09,5399,1992-04-09,M,"Jenkin, Mr Bernard",Conservative
289,Tamworth,1942-09-19,3936,1996-04-11,M,"Jenkins, Mr Brian",Labour
376,Kingston upon Hull West and Hessle,1950-05-17,3574,1997-05-01,M,"Johnson, Alan",Labour
1423,Henley,1964-06-19,2100,2001-06-07,M,"Johnson, Boris",Conservative
1533,Kingston upon Hull North,1966-07-25,696,2005-05-05,F,"Johnson, Diana",Labour
1502,Clwyd West,1952-03-22,696,2005-05-05,M,"Jones, Mr David",Conservative
432,Warrington North,1954-12-24,3574,1997-05-01,F,"Jones, Helen",Labour
1438,North Durham,1964-04-25,2100,2001-06-07,M,"Jones, Mr Kevan",Labour
303,"Birmingham, Selly Oak",1951-04-26,5399,1992-04-09,F,"Jones, Lynne",Labour
531,Clwyd South,1947-03-01,7139,1987-06-11,M,"Jones, Mr Martyn",Labour
159,Dulwich and West Norwood,1947-09-17,5399,1992-04-09,F,"Jowell, B.",Labour
603,Falkirk,1960-10-13,2244,2000-12-21,M,"Joyce, Eric",Labour
451,"Manchester, Gorton",1930-06-21,13224,1970-06-18,M,"Kaufman, Sir Gerald",Labour
1566,Shrewsbury and Atcham,1972-01-24,696,2005-05-05,M,"Kawczynski, Daniel",Conservative
354,Northampton North,1951-10-13,3574,1997-05-01,F,"Keeble, Ms Sally",Labour
1588,Worsley,1952-03-26,696,2005-05-05,F,"Keeley, Barbara",Labour
169,Feltham and Heston,1937-11-25,5399,1992-04-09,M,"Keen, Alan",Labour
148,Brentford and Isleworth,1948-11-26,3574,1997-05-01,F,"Keen, Ann",Labour
266,Hereford,1961-05-21,3574,1997-05-01,M,"Keetch, Mr Paul",Liberal Democrat
439,Bolton West,1968-05-09,3574,1997-05-01,F,"Kelly, Ruth",Labour
519,Houghton and Washington East,1958-09-01,3574,1997-05-01,M,"Kemp, Mr Fraser",Labour
634,"Ross, Skye and Lochaber",1959-11-25,8578,1983-06-09,M,"Kennedy, Mr Charles",Liberal Democrat
486,"Liverpool, Wavertree",1958-05-04,5399,1992-04-09,F,"Kennedy, Jane",Labour
262,Salisbury,1945-04-22,8578,1983-06-09,M,"Key, Robert",Conservative
162,"Ealing, Southall",1924-11-20,5399,1992-04-09,M,"Khabra, Mr Piara S",Labour
1577,Tooting,1970-10-08,696,2005-05-05,M,"Khan, Sadiq",Labour
283,Stafford,1955-03-21,3574,1997-05-01,M,"Kidney, Mr David",Labour
485,"Liverpool, Walton",1946-06-09,5655,1991-07-04,M,"Kilfoyle, Mr Peter",Labour
265,Bromsgrove,1960-06-05,3574,1997-05-01,F,"Kirkbride, Julie",Conservative
1200,East Yorkshire,1949-04-04,7104,1983-06-09,M,"Knight, Sir Greg",Conservative
4160,South Dorset,1965-03-06,2100,2001-06-07,M,"Knight of Weymouth, L.",Labour
1557,Richmond Park,1950-07-21,696,2005-05-05,F,"Kramer, B.",Liberal Democrat
502,Middlesbrough South and East Cleveland,1956-05-28,3704,1991-11-07,M,"Kumar, Dr Ashok",Labour
90,South Thanet,1952-11-06,3574,1997-05-01,M,"Ladyman, Dr Stephen",Labour
36,Epping Forest,1958-02-01,3574,1997-05-01,F,"Laing, Mrs Eleanor",Conservative
142,Beckenham,1947-12-16,5196,1992-04-09,F,"Lait, Mrs Jacqui",Conservative
1439,North Norfolk,1957-09-16,2100,2001-06-07,M,"Lamb, Norman",Liberal Democrat
206,Tottenham,1972-07-19,2426,2000-06-22,M,"Lammy, Mr David",Labour
1544,North East Milton Keynes,1970-05-12,696,2005-05-05,M,"Lancaster, Mark",Conservative
123,South Cambridgeshire,1956-12-11,3574,1997-05-01,M,"Lansley, L.",Conservative
1473,Yeovil,1965-11-30,2100,2001-06-07,M,"Laws, Mr David",Liberal Democrat
327,Derby North,1944-09-07,3574,1997-05-01,M,"Laxton, Mr Bob",Labour
1411,Edinburgh North and Leith,1953-08-08,2100,2001-06-07,M,"Lazarowicz, Mark",Labour
1543,"Manchester, Withington",1971-04-11,696,2005-05-05,M,"Leech, Mr John",Liberal Democrat
345,Gainsborough,1950-07-20,8578,1983-06-09,M,"Leigh, Sir Edward",Conservative
24,"Brighton, Pavilion",1945-09-15,3574,1997-05-01,M,"Lepper, David",Labour
247,West Dorset,1956-05-19,3574,1997-05-01,M,"Letwin, Sir Oliver",Conservative
330,High Peak,1954-04-10,3574,1997-05-01,M,"Levitt, Tom",Labour
441,Bury South,1967-03-04,3574,1997-05-01,M,"Lewis, Mr Ivan",Labour
54,New Forest East,1951-09-26,3574,1997-05-01,M,"Lewis, Dr Julian",Conservative
1396,Bridgwater,1959-02-23,2100,2001-06-07,M,"Liddell-Grainger, Mr Ian",Conservative
15,Aylesbury,1956-06-30,5399,1992-04-09,M,"Lidington, Mr David",Conservative
68,Hitchin and Harpenden,1943-08-23,8578,1983-06-09,M,"Lilley, Mr Peter",Conservative
141,Battersea,1944-08-11,3574,1997-05-01,M,"Linton, Martin",Labour
450,Manchester Central,1950-02-25,8578,1983-06-09,M,"Lloyd, Tony",Labour
549,Meirionnydd Nant Conwy,1951-09-26,5399,1992-04-09,M,"Llwyd, Mr Elfyn",Plaid Cymru
259,Devizes,1945-07-07,8513,1974-02-28,M,"Lothian, M.",Conservative
114,East Worthing and Shoreham,1962-05-30,3574,1997-05-01,M,"Loughton, Tim",Conservative
164,Edmonton,1949-03-21,3574,1997-05-01,M,"Love, Mr Andrew",Labour
1470,Wrexham,1960-09-18,2100,2001-06-07,M,"Lucas, Ian C.",Labour
268,Mid Worcestershire,1955-02-18,5399,1992-04-09,M,"Luff, Sir Peter",Conservative
4158,Rutherglen and Hamilton West,1943-12-14,7139,1987-06-11,M,"McAvoy, L.",Labour
298,"Birmingham, Hall Green",1955-08-04,3574,1997-05-01,M,"McCabe, Steve",Labour
405,Calder Valley,1945-10-14,3574,1997-05-01,F,"McCafferty, Chris",Labour
1491,Bristol East,1965-03-26,696,2005-05-05,F,"McCarthy, Kerry",Labour
1553,Portsmouth North,1955-02-04,696,2005-05-05,F,"McCarthy-Fry, Sarah",Labour
448,Makerfield,1951-04-25,7139,1987-06-11,M,"McCartney, Sir Ian",Labour
655,South Antrim,1948-08-06,5898,1983-06-09,M,"McCrea, Dr William",Democratic Unionist Party
193,Mitcham and Morden,1960-02-20,3574,1997-05-01,F,"McDonagh, Siobhain",Labour
1596,Belfast South,1949-09-01,696,2005-05-05,M,"McDonnell, Dr Alasdair",Social Democratic & Labour Party
178,Hayes and Harlington,1951-09-08,3574,1997-05-01,M,"McDonnell, John",Labour
1402,Glenrothes,1947-12-08,2100,2001-06-07,M,"MacDougall, Mr John",Labour
1587,Wolverhampton South East,1965-03-26,696,2005-05-05,M,"McFadden, Mr Pat",Labour
4148,West Dunbartonshire,1944-10-04,7139,1987-06-11,M,"McFall of Alcluith, L.",Labour
1515,Dundee West,1956-11-17,696,2005-05-05,M,"McGovern, Jim",Labour
656,South Down,1935-06-03,7139,1987-06-11,M,"McGrady, Mr Eddie",Social Democratic & Labour Party
651,Mid Ulster,1950-05-23,3574,1997-05-01,M,"McGuinness, Mr Martin",Sinn Féin
636,Stirling,1949-05-26,3574,1997-05-01,F,"McGuire, Dame Anne",Labour
384,Vale of York,1954-09-20,3574,1997-05-01,F,"McIntosh of Pickering, B.",Conservative
370,Cleethorpes,1960-04-03,3574,1997-05-01,F,"McIsaac, Shona",Labour
7,Bracknell,1949-08-27,9315,1977-03-31,M,"Mackay, Mr Andrew",Conservative
1419,Glasgow North,1961-04-22,2100,2001-06-07,F,"McKechin, Ann",Labour
584,"Cumbernauld, Kilsyth and Kirkintilloch East",1941-05-08,3574,1997-05-01,F,"McKenna, Rosemary",Labour
45,Thurrock,1949-04-24,5399,1992-04-09,M,"Mackinlay, Andrew",Labour
333,West Derbyshire,1957-11-30,7514,1986-05-08,M,"McLoughlin, Sir Patrick",Conservative
1546,Na h-Eileanan an Iar,1970-07-21,696,2005-05-05,M,"MacNeil, Angus Brendan",Scottish National Party
176,Harrow East,1958-11-03,3574,1997-05-01,M,"McNulty, Mr Tony",Labour
393,Rotherham,1948-05-21,4643,1994-05-05,M,"MacShane, Mr Denis",Labour
12,Slough,1953-09-12,3574,1997-05-01,F,"Mactaggart, Fiona",Labour
1392,"Birmingham, Perry Barr",1961-07-13,2100,2001-06-07,M,"Mahmood, Mr Khalid",Labour
1568,St Albans,1957-05-17,696,2005-05-05,F,"Main, Mrs Anne",Conservative
1509,Dewsbury,1967-11-24,696,2005-05-05,M,"Malik, Mr Shahid",Labour
109,Woking,1945-07-31,6753,1983-06-09,M,"Malins, Mr Humfrey",Conservative
324,Amber Valley,1951-07-10,3574,1997-05-01,F,"Mallaber, Judy",Labour
1387,Bassetlaw,1960-01-10,2100,2001-06-07,M,"Mann, John",Labour
4162,Stratford-on-Avon,1943-04-22,6753,1983-06-09,M,"Maples, L.",Conservative
1468,Wolverhampton South West,1955-04-08,2100,2001-06-07,M,"Marris, Rob",Labour
465,Blackpool South,1953-11-28,3574,1997-05-01,M,"Marsden, Gordon",Labour
613,Glasgow East,1941-05-07,10049,1979-05-03,M,"Marshall, Mr David",Labour
86,Medway,1944-04-10,3574,1997-05-01,M,"Marshall-Andrews, Mr Robert",Labour
3899,Glasgow North East,1945-07-03,10049,1979-05-03,M,"Martin of Springburn, L.",Speaker
495,Carlisle,1949-01-03,7139,1987-06-11,M,"Martlew, Mr Eric",Labour
49,East Hampshire,1934-06-09,11689,1974-10-10,M,"Mates, Mr Michael",Conservative
115,Horsham,1953-07-04,6753,1983-06-09,M,"Maude of Horsham, L.",Conservative
8,Maidenhead,1956-10-01,3574,1997-05-01,F,"May, Mrs Theresa",Conservative
454,Oldham West and Royton,1939-11-04,13224,1970-06-18,M,"Meacher, Mr Michael",Labour
361,Mansfield,1949-07-31,7139,1987-06-11,M,"Meale, Sir Alan",Labour
1435,Newark,1956-06-26,2100,2001-06-07,M,"Mercer, Patrick",Conservative
347,Lincoln,1959-04-12,3574,1997-05-01,F,"Merron, Gillian",Labour
562,Cardiff South and Penarth,1943-08-22,7139,1987-06-11,M,"Michael, Alun",Labour
507,Darlington,1958-01-27,5399,1992-04-09,M,"Milburn, Mr Alan",Labour
1452,South Shields,1965-07-15,2100,2001-06-07,M,"Miliband, David",Labour
1510,Doncaster North,1969-12-24,696,2005-05-05,M,"Miliband, Edward",Labour
428,Ellesmere Port and Neston,1949-03-23,5399,1992-04-09,M,"Miller, Andrew",Labour
1480,Basingstoke,1964-03-26,696,2005-05-05,F,"Miller, Mrs Maria",Conservative
1523,Guildford,1955-11-03,696,2005-05-05,F,"Milton, Anne",Conservative
1211,Sutton Coldfield,1956-03-23,5665,1987-06-11,M,"Mitchell, Mr Andrew",Conservative
372,Great Grimsby,1934-09-19,10758,1977-04-28,M,"Mitchell, Austin",Labour
1410,East Lothian,1958-03-30,2100,2001-06-07,F,"Moffat, Anne",Labour
113,Crawley,1954-04-09,3574,1997-05-01,F,"Moffatt, Laura",Labour
1475,Ipswich,1958-03-16,1932,2001-11-22,M,"Mole, Chris",Labour
1490,Bridgend,1950-03-27,696,2005-05-05,F,"Moon, Mrs Madeleine",Labour
638,"Berwickshire, Roxburgh and Selkirk",1965-06-03,3574,1997-05-01,M,"Moore, Michael",Liberal Democrat
3,Luton South,1955-04-24,3574,1997-05-01,F,"Moran, Margaret",Labour
1548,Newport East,1968-05-29,696,2005-05-05,F,"Morden, Jessica",Labour
561,Cardiff North,1944-11-02,3574,1997-05-01,F,"Morgan, Julie",Labour
377,Scunthorpe,1952-07-06,7139,1987-06-11,M,"Morley, Mr Elliot",Labour
120,North East Cambridgeshire,1943-03-06,7139,1987-06-11,M,"Moss, Mr Malcolm",Conservative
406,Colne Valley,1954-01-12,3574,1997-05-01,F,"Mountford, Kali",Labour
414,Leeds East,1945-02-06,5399,1992-04-09,M,"Mudie, Mr George",Labour
1540,Leeds North West,1970-08-31,696,2005-05-05,M,"Mulholland, Greg",Liberal Democrat
527,Sunderland South,1947-12-12,7139,1987-06-11,M,"Mullin, Mr Chris",Labour
1512,"Dumfriesshire, Clydesdale and Tweeddale",1962-05-27,696,2005-05-05,M,"Mundell, David",Conservative
1448,"Sheffield, Heeley",1959-08-24,2100,2001-06-07,F,"Munn, Meg",Labour
1595,Newry and Armagh,1963-07-10,696,2005-05-05,M,"Murphy, Conor",Sinn Féin
516,Wansbeck,1948-11-02,3574,1997-05-01,M,"Murphy, Mr Denis",Labour
595,East Renfrewshire,1967-08-23,3574,1997-05-01,M,"Murphy, Mr Jim",Labour
546,Torfaen,1948-11-25,7139,1987-06-11,M,"Murphy of Torfaen, L.",Labour
1466,Westbury,1961-04-24,2100,2001-06-07,M,"Murrison, Dr Andrew",Conservative
216,Bristol North West,1941-04-01,3574,1997-05-01,M,"Naysmith, Dr Doug",Labour
1601,Bromley and Chislehurst,1952-06-24,276,2006-06-29,M,"Neill, Robert",Conservative
1488,Braintree,1958-05-08,696,2005-05-05,M,"Newmark, Mr Brooks",Conservative
221,Wansdyke,1960-01-28,3574,1997-05-01,M,"Norris, Dan",Labour
63,Winchester,1964-03-08,3529,1997-05-01,M,"Oaten, Mr Mark",Liberal Democrat
290,North Warwickshire,1954-06-19,5399,1992-04-09,M,"O'Brien, Mr Mike",Labour
427,Eddisbury,1957-04-01,2762,1999-07-22,M,"O'Brien, Mr Stephen",Conservative
482,Knowsley South,1937-10-01,5935,1990-09-27,M,"O'Hara, Mr Edward",Labour
291,Nuneaton,1942-05-09,5399,1992-04-09,M,"Olner, Mr Bill",Labour
559,Montgomeryshire,1965-03-02,3574,1997-05-01,M,"Öpik, Lembit",Liberal Democrat
1458,Tatton,1971-05-23,2100,2001-06-07,M,"Osborne, Mr George",Conservative
576,"Ayr, Carrick and Cumnock",1956-02-23,3574,1997-05-01,F,"Osborne, Sandra",Labour
157,Croydon South,1945-05-24,6838,1983-06-09,M,"Ottaway, Sir Richard",Conservative
1474,Ynys Môn,1959-08-10,2100,2001-06-07,M,"Owen, Albert",Labour
124,South East Cambridgeshire,1949-04-24,7139,1987-06-11,M,"Paice, Sir James",Conservative
359,Broxtowe,1950-02-05,3574,1997-05-01,M,"Palmer, Dr Nick",Labour
274,North Shropshire,1956-06-24,3574,1997-05-01,M,"Paterson, Mr Owen",Conservative
310,Dudley South,1959-04-05,4419,1994-12-15,M,"Pearson, Ian",Labour
1505,Croydon Central,1959-08-20,696,2005-05-05,M,"Pelling, Mr Andrew",Conservative
1528,Hemel Hempstead,1957-09-28,696,2005-05-05,M,"Penning, Sir Mike",Conservative
1584,Weston-Super-Mare,1964-06-22,696,2005-05-05,M,"Penrose, John",Conservative
33,Brentwood and Ongar,1952-04-20,5399,1992-04-09,M,"Pickles, Sir Eric",Conservative
294,Warwick and Leamington,1954-06-23,3574,1997-05-01,M,"Plaskitt, Mr James",Labour
469,Hyndburn,1960-08-29,5399,1992-04-09,M,"Pope, Mr Greg",Labour
161,Ealing North,1948-07-03,3574,1997-05-01,M,"Pound, Stephen",Labour
191,Lewisham East,1952-12-28,5399,1992-04-09,F,"Prentice, Bridget",Labour
472,Pendle,1951-01-28,5399,1992-04-09,M,"Prentice, Mr Gordon",Labour
374,Kingston upon Hull East,1938-05-31,13224,1970-06-18,M,"Prescott, L.",Labour
1401,Carmarthen East and Dinefwr,1968-09-23,2100,2001-06-07,M,"Price, Adam",Plaid Cymru
217,Bristol South,1954-05-02,7139,1987-06-11,F,"Primarolo, B.",Labour
1424,Hertford and Stortford,1962-06-12,2100,2001-06-07,M,"Prisk, Mr Mark",Conservative
1576,The Wrekin,1966-11-22,696,2005-05-05,M,"Pritchard, Mark",Conservative
80,Dover,1943-04-27,3574,1997-05-01,M,"Prosser, Gwyn",Labour
1454,Southport,1948-06-28,2100,2001-06-07,M,"Pugh, John",Liberal Democrat
321,Wolverhampton North East,1939-01-08,5399,1992-04-09,M,"Purchase, Mr Ken",Labour
1455,Stalybridge and Hyde,1970-03-02,2100,2001-06-07,M,"Purnell, James",Labour
37,Harlow,1959-10-10,3574,1997-05-01,M,"Rammell, Bill",Labour
209,Uxbridge,1955-08-05,3483,1997-07-31,M,"Randall, Sir John",Conservative
171,Greenwich and Woolwich,1945-01-28,5802,1986-04-10,M,"Raynsford, Mr Nick",Labour
14,Wokingham,1951-06-15,7139,1987-06-11,M,"Redwood, John",Conservative
341,Loughborough,1964-09-17,3574,1997-05-01,M,"Reed, Mr Andy",Labour
1503,Copeland,1973-08-04,696,2005-05-05,M,"Reed, Mr Jamie",Labour
1385,Argyll and Bute,1954-08-07,2100,2001-06-07,M,"Reid, Mr Alan",Liberal Democrat
617,Airdrie and Shotts,1947-05-08,7139,1987-06-11,M,"Reid of Cardowan, L.",Labour
1600,Dunfermline and West Fife,1967-09-27,416,2006-02-09,M,"Rennie, Willie",Liberal Democrat
1191,Kensington and Chelsea,1946-06-21,9015,1974-02-28,M,"Rifkind, Sir Malcolm",Conservative
1525,Halifax,1953-05-31,696,2005-05-05,F,"Riordan, Mrs Linda",Labour
139,West Suffolk,1946-09-24,5399,1992-04-09,M,"Risby, L.",Conservative
334,Blaby,1951-07-17,5399,1992-04-09,M,"Robathan, L.",Conservative
1433,Moray,1969-09-28,2100,2001-06-07,M,"Robertson, Angus",Scottish National Party
1415,Faversham and Mid Kent,1962-10-09,2100,2001-06-07,M,"Robertson, Sir Hugh",Conservative
605,Glasgow North West,1952-04-17,2272,2000-11-23,M,"Robertson, John",Labour
253,Tewkesbury,1958-03-29,3574,1997-05-01,M,"Robertson, Mr Laurence",Conservative
307,Coventry North West,1938-05-25,11178,1976-03-04,M,"Robinson, Mr Geoffrey",Labour
1456,Strangford,1949-09-06,2100,2001-06-07,F,"Robinson, Mrs Iris",Democratic Unionist Party
642,Belfast East,1948-12-29,10012,1979-05-03,M,"Robinson, Mr Peter",Democratic Unionist Party
1504,North Cornwall,1975-07-23,696,2005-05-05,M,"Rogerson, Dan",Liberal Democrat
402,Bradford North,1950-11-11,5893,1990-11-08,M,"Rooney, Mr Terry",Labour
1447,Romford,1966-03-17,2100,2001-06-07,M,"Rosindell, Andrew",Conservative
1558,Rochdale,1955-05-11,696,2005-05-05,M,"Rowen, Paul",Liberal Democrat
626,Motherwell and Wishaw,1958-08-29,3574,1997-05-01,M,"Roy, Mr Frank",Labour
534,Vale of Clwyd,1958-07-18,3574,1997-05-01,M,"Ruane, Chris",Labour
190,"Lewisham, Deptford",1943-12-28,7139,1987-06-11,F,"Ruddock, Dame Joan",Labour
133,Bury St Edmunds,1962-04-18,3574,1997-05-01,M,"Ruffley, Mr David",Conservative
35,Colchester,1946-03-31,3574,1997-05-01,M,"Russell, Sir Bob",Liberal Democrat
424,City of Chester,1945-03-25,3574,1997-05-01,F,"Russell, Christine",Labour
166,Enfield North,1955-09-08,3574,1997-05-01,F,"Ryan, Joan",Labour
577,Banff and Buchan,1954-12-31,7139,1987-06-11,M,"Salmond, Alex",Scottish National Party
11,Reading West,1954-04-19,3574,1997-05-01,M,"Salter, Martin",Labour
237,Torbay,1959-04-25,3574,1997-05-01,M,"Sanders, Mr Adrian",Liberal Democrat
608,Glasgow Central,1952-08-18,3574,1997-05-01,M,"Sarwar, Mr Mohammad",Labour
1534,Ilford North,1956-04-06,696,2005-05-05,M,"Scott, Mr Lee",Conservative
1552,"Plymouth, Devonport",1954-01-20,696,2005-05-05,F,"Seabeck, Alison",Labour
1453,South West Bedfordshire,1962-04-27,2100,2001-06-07,M,"Selous, Andrew",Conservative
1582,Welwyn Hatfield,1968-09-14,696,2005-05-05,M,"Shapps, Grant",Conservative
78,Chatham and Aylesford,1966-06-03,3574,1997-05-01,M,"Shaw, Jonathan",Labour
411,Huddersfield,1940-08-17,10049,1979-05-03,M,"Sheerman, Mr Barry",Labour
295,Aldridge-Brownhills,1942-12-06,10049,1979-05-03,M,"Shepherd, Sir Richard",Conservative
1464,Paisley and Renfrewshire North,1952-11-24,2100,2001-06-07,M,"Sheridan, Jim",Labour
300,"Birmingham, Ladywood",1946-02-15,8578,1983-06-09,F,"Short, Clare",Independent Labour
1393,Boston and Skegness,1964-04-12,2100,2001-06-07,M,"Simmonds, Mark",Conservative
1391,"Birmingham, Erdington",1968-12-23,2100,2001-06-07,M,"Simon, Mr Siôn",Labour
365,Nottingham South,1948-09-20,5399,1992-04-09,M,"Simpson, Alan",Labour
1597,Upper Bann,1959-02-16,696,2005-05-05,M,"Simpson, David",Democratic Unionist Party
126,Mid Norfolk,1949-03-29,3574,1997-05-01,M,"Simpson, Mr Keith",Conservative
404,Bradford West,1954-10-11,3574,1997-05-01,M,"Singh, Mr Marsha",Labour
325,Bolsover,1932-02-11,13224,1970-06-18,M,"Skinner, Mr Dennis",Labour
1516,"Ealing, Acton and Shepherd's Bush",1960-09-29,696,2005-05-05,M,"Slaughter, Andy",Labour
95,Oxford East,1951-02-01,7139,1987-06-11,M,"Smith, Mr Andrew",Labour
1564,"Sheffield, Hillsborough",1961-08-16,696,2005-05-05,F,"Smith, Angela",Labour
471,Morecambe and Lunesdale,1961-08-29,3574,1997-05-01,F,"Smith, Geraldine",Labour
269,Redditch,1962-11-03,3574,1997-05-01,F,"Smith, Jacqui",Labour
681,Vale of Glamorgan,1951-03-17,4621,1989-05-04,M,"Smith, John",Labour
639,West Aberdeenshire and Kincardine,1958-04-15,3574,1997-05-01,M,"Smith, Sir Robert",Liberal Democrat
4170,Basildon,1959-01-07,3574,1997-05-01,F,"Smith of Basildon, B.",Labour
1574,South Swindon,1957-08-07,696,2005-05-05,F,"Snelgrove, Anne",Labour
116,Mid Sussex,1948-02-12,8578,1983-06-09,M,"Soames, Sir Nicholas",Conservative
1592,Leicester South,1948-12-27,696,2005-05-05,M,"Soulsby, Sir Peter",Labour
433,Warrington South,1956-11-13,3574,1997-05-01,F,"Southworth, Helen",Labour
318,Warley,1947-08-05,5596,1982-10-28,M,"Spellar, John",Labour
312,Meriden,1958-05-04,3574,1997-05-01,F,"Spelman, Dame Caroline",Conservative
270,West Worcestershire,1943-01-22,11893,1974-02-28,M,"Spicer, L.",Conservative
1214,Castle Point,1948-08-01,3925,1992-04-09,M,"Spink, Bob",Conservative
91,Tonbridge and Malling,1942-01-19,11893,1974-02-28,M,"Stanley, Sir John",Conservative
19,Milton Keynes South West,1947-01-04,3574,1997-05-01,F,"Starkey, Dr Phyllis",Labour
239,Totnes,1939-07-22,11893,1974-02-28,M,"Steen, Mr Anthony",Conservative
444,Eccles,1950-08-28,3574,1997-05-01,M,"Stewart, Ian",Labour
79,Dartford,1954-04-14,3574,1997-05-01,M,"Stoate, Dr Howard",Labour
597,Edinburgh East,1943-07-10,13224,1970-06-18,M,"Strang, Dr Gavin",Labour
463,Blackburn,1946-08-03,10049,1979-05-03,M,"Straw, Mr Jack",Labour
234,South West Devon,1955-10-02,5399,1992-04-09,M,"Streeter, Mr Gary",Conservative
449,"Manchester, Blackley",1950-02-17,3574,1997-05-01,M,"Stringer, Graham",Labour
296,"Birmingham, Edgbaston",1955-11-26,3574,1997-05-01,F,"Stuart, Ms Gisela",Labour
1482,Beverley and Holderness,1962-03-12,696,2005-05-05,M,"Stuart, Graham",Conservative
445,Hazel Grove,1942-11-24,3574,1997-05-01,M,"Stunell, L.",Liberal Democrat
403,Bradford South,1953-05-13,4608,1994-06-09,M,"Sutcliffe, Mr Gerry",Labour
55,New Forest West,1956-08-20,3574,1997-05-01,M,"Swayne, Sir Desmond",Conservative
1513,East Dunbartonshire,1980-02-05,696,2005-05-05,F,"Swinson, Jo",Liberal Democrat
1408,East Devon,1959-11-30,2100,2001-06-07,M,"Swire, Sir Hugo",Conservative
245,Poole,1956-08-15,3574,1997-05-01,M,"Syms, Sir Robert",Conservative
1383,Alyn and Deeside,1962-10-03,2100,2001-06-07,M,"Tami, Mark",Labour
348,Louth and Horncastle,1930-02-01,16558,1959-10-08,M,"Tapsell, Sir Peter",Conservative
505,Stockton South,1944-12-13,3574,1997-05-01,F,"Taylor, Ms Dari",Labour
342,North West Leicestershire,1946-08-22,3574,1997-05-01,M,"Taylor, David",Labour
101,Esher and Walton,1945-04-18,7139,1987-06-11,M,"Taylor, Mr Ian",Conservative
1472,Wyre Forest,1934-07-07,2100,2001-06-07,M,"Taylor, Dr Richard",Independent
228,Truro and St Austell,1963-01-03,7206,1987-03-12,M,"Taylor of Goss Moor, L.",Liberal Democrat
1170,Brent East,1974-06-01,1267,2003-09-18,F,"Teather, Sarah",Liberal Democrat
177,Harrow West,1967-07-15,3574,1997-05-01,M,"Thomas, Gareth",Labour
1536,Islington South and Finsbury,1960-07-27,696,2005-05-05,F,"Thornberry, Emily",Labour
1399,"Caithness, Sutherland and Easter Ross",1953-09-10,2100,2001-06-07,M,"Thurso, V.",Liberal Democrat
163,East Ham,1955-07-29,4608,1994-06-09,M,"Timms, Stephen",Labour
367,Sherwood,1949-10-24,5399,1992-04-09,M,"Tipping, Paddy",Labour
332,South Derbyshire,1954-12-29,3574,1997-05-01,M,"Todd, Mr Mark",Labour
542,Islwyn,1947-12-05,4356,1995-02-16,M,"Touhig, L.",Labour
335,Bosworth,1950-01-19,7139,1987-06-11,M,"Tredinnick, David",Conservative
410,Hemsworth,1950-07-02,4006,1996-02-01,M,"Trickett, Jon",Labour
421,Pudsey,1955-11-17,3574,1997-05-01,M,"Truswell, Mr Paul",Labour
1426,Isle of Wight,1953-10-24,2100,2001-06-07,M,"Turner, Mr Andrew",Conservative
23,"Brighton, Kemptown",1939-07-17,3574,1997-05-01,M,"Turner, Dr Desmond",Labour
460,Wigan,1945-09-16,2699,1999-09-23,M,"Turner, Mr Neil",Labour
429,Halton,1959-07-09,3574,1997-05-01,M,"Twigg, Derek",Labour
112,Chichester,1957-01-15,3574,1997-05-01,M,"Tyrie, Mr Andrew",Conservative
1494,Burnley,1971-03-18,696,2005-05-05,F,"Ussher, Kitty",Labour
1580,Wantage,1968-06-05,696,2005-05-05,M,"Vaizey, Mr Edward",Conservative
1496,North West Cambridgeshire,1960-09-04,696,2005-05-05,M,"Vara, Mr Shailesh",Conservative
338,Leicester East,1956-11-26,7139,1987-06-11,M,"Vaz, Keith",Labour
52,Gosport,1938-03-13,11893,1974-02-28,M,"Viggers, Sir Peter",Conservative
1500,Chipping Barnet,1968-03-05,696,2005-05-05,F,"Villiers, Theresa",Conservative
170,Finchley and Golders Green,1941-04-04,3574,1997-05-01,M,"Vis, Dr Rudi",Labour
1493,Broxbourne,1967-09-11,696,2005-05-05,M,"Walker, Mr Charles",Conservative
1539,Lancaster and Wyre,1970-05-15,696,2005-05-05,M,"Wallace, Mr Ben",Conservative
286,Stoke-on-Trent North,1949-01-23,7139,1987-06-11,F,"Walley, Joan",Labour
244,North Dorset,1948-05-30,3574,1997-05-01,M,"Walter, Mr Robert",Conservative
1570,Stourbridge,1960-05-22,696,2005-05-05,F,"Waltho, Lynda",Labour
73,Watford,1972-05-09,3574,1997-05-01,F,"Ward, Claire",Labour
487,"Liverpool, West Derby",1930-08-20,8578,1983-06-09,M,"Wareing, Mr Robert N.",Labour
25,Eastbourne,1950-10-12,5399,1992-04-09,M,"Waterson, Mr Nigel",Conservative
1462,Upminster,1941-11-18,2100,2001-06-07,F,"Watkinson, Dame Angela",Conservative
1463,West Bromwich East,1967-01-08,2100,2001-06-07,M,"Watson, Tom",Labour
489,St Helens North,1951-08-26,3574,1997-05-01,M,"Watts, L.",Labour
220,Northavon,1965-07-18,3574,1997-05-01,M,"Webb, Steve",Liberal Democrat
1384,Angus,1957-03-24,2100,2001-06-07,M,"Weir, Mike",Scottish National Party
62,"Southampton, Test",1950-09-15,3574,1997-05-01,M,"Whitehead, Dr Alan",Labour
39,Maldon and East Chelmsford,1959-10-16,5399,1992-04-09,M,"Whittingdale, Mr John",Conservative
156,Croydon North,1947-07-01,5399,1992-04-09,M,"Wicks, Malcolm",Labour
85,Maidstone and The Weald,1947-10-04,7139,1987-06-11,F,"Widdecombe, Miss Ann",Conservative
1428,Leominster,1966-06-04,2100,2001-06-07,M,"Wiggin, Bill",Conservative
53,Havant,1956-03-09,5399,1992-04-09,M,"Willetts, L.",Conservative
569,Swansea West,1930-10-14,15255,1964-10-15,M,"Williams, Mr Alan",Labour
548,Conwy,1944-07-31,3574,1997-05-01,F,"Williams, Mrs Betty",Labour
1397,Caernarfon,1953-05-14,2100,2001-06-07,M,"Williams, Hywel",Plaid Cymru
1498,Ceredigion,1966-03-24,696,2005-05-05,M,"Williams, Mr Mark",Liberal Democrat
1394,Brecon and Radnorshire,1948-01-22,2100,2001-06-07,M,"Williams, Roger",Liberal Democrat
1492,Bristol West,1966-10-11,696,2005-05-05,M,"Williams, Stephen",Liberal Democrat
4151,Harrogate and Knaresborough,1941-11-30,3574,1997-05-01,M,"Willis of Knaresborough, L.",Liberal Democrat
1497,Cardiff Central,1974-05-29,696,2005-05-05,F,"Willott, Jenny",Liberal Democrat
260,North Swindon,1952-05-20,3574,1997-05-01,M,"Wills, L.",Labour
107,Spelthorne,1943-09-16,7139,1987-06-11,M,"Wilshire, Mr David",Conservative
1556,Reading East,1965-01-04,696,2005-05-05,M,"Wilson, Mr Rob",Conservative
1593,East Antrim,1953-04-04,696,2005-05-05,M,"Wilson, Sammy",Democratic Unionist Party
316,Walsall North,1933-06-26,11569,1966-03-31,M,"Winnick, Mr David",Labour
425,Congleton,1941-03-06,8578,1983-06-09,F,"Winterton, Ann",Conservative
430,Macclesfield,1938-03-31,12755,1971-09-30,M,"Winterton, Sir Nicholas",Conservative
390,Doncaster Central,1958-08-10,3574,1997-05-01,F,"Winterton, Dame Rosie",Labour
1440,Perth and North Perthshire,1962-03-09,2100,2001-06-07,M,"Wishart, Pete",Scottish National Party
401,Batley and Spen,1946-03-03,3574,1997-05-01,M,"Wood, Mike",Labour
98,St Helens South,1958-10-26,3574,1997-05-01,M,"Woodward, Mr Shaun",Labour
453,Oldham East and Saddleworth,1959-12-11,3574,1997-05-01,M,"Woolas, Mr Phil",Labour
125,Great Yarmouth,1954-08-12,3574,1997-05-01,M,"Wright, Mr Anthony",Labour
1461,Telford,1966-12-22,2100,2001-06-07,M,"Wright, David",Labour
1478,Hartlepool,1972-05-09,889,2004-09-30,M,"Wright, Mr Iain",Labour
1560,Rugby and Kenilworth,1972-10-24,696,2005-05-05,M,"Wright, Jeremy",Conservative
279,Cannock Chase,1948-03-11,5399,1992-04-09,M,"Wright, Dr Tony",Labour
89,Sittingbourne and Sheppey,1949-12-04,3574,1997-05-01,M,"Wyatt, Derek",Labour
136,South Suffolk,1945-03-20,8578,1983-06-09,M,"Yeo, Mr Tim",Conservative
57,North West Hampshire,1941-07-16,11893,1974-02-28,M,"Young of Cookham, L.",Conservative
1460,Teignbridge,1953-01-29,2100,2001-06-07,M,"Younger-Ross, Richard",Liberal Democrat
