,member_id,PC1,PC2,constituency,date_of_birth,days_service,first_start_date,gender,list_name,party
0,67,29.743268144331132,-4.889614039667873,Hertsmere,1956-09-14,4693,1992-04-09,M,"Clappison, Mr James",Conservative
1,122,-17.654887841696734,0.15721473197732053,Peterborough,1954-12-23,2868,1997-05-01,F,"Clark, Mrs Helen",Labour
2,83,-17.66863659000357,-2.1102703210326106,Gillingham,1957-04-29,2868,1997-05-01,M,"Clark, Paul",Labour
3,599,-17.322807844614537,-2.2671152974747995,"Edinburgh, Pentlands",1949-02-26,2868,1997-05-01,F,"Clark of Calton, B.",Labour
4,130,-6.090068657233802,-1.8076936538050128,Norwich South,1950-09-21,2868,1997-05-01,M,"Clarke, Mr Charles",Labour
5,366,23.864593453025794,-2.542412956876101,Rushcliffe,1940-07-02,12518,1970-06-18,M,"Clarke, Mr Kenneth",Conservative
6,583,-21.554268294789267,-1.325069873577541,Coatbridge and Chryston,1941-01-10,8195,1982-06-24,M,"Clarke, Mr Tom",Labour
7,355,-16.143867696443746,0.19849875942737188,Northampton South,1963-09-06,2868,1997-05-01,M,"Clarke, Mr Tony",Labour
8,528,-19.217120617608572,-2.359564003113664,Tyne Bridge,1943-06-27,6962,1985-12-05,M,"Clelland, Mr David",Labour
9,249,28.346867704604552,-5.11379837218169,Cotswold,1953-03-23,4693,1992-04-09,M,"Clifton-Brown, Sir Geoffrey",Conservative
10,553,-15.700885724187277,-0.5234045553060732,Cynon Valley,1937-03-21,7543,1984-05-03,F,"Clwyd, Ann",Labour
11,360,-19.20400744065728,-1.2435115388511238,Gedling,1953-06-17,2868,1997-05-01,M,"Coaker, Vernon",Labour
12,458,-23.325356146223168,-1.5035348939268702,Stockport,1946-08-31,4693,1992-04-09,F,"Coffey, Ann",Labour
13,192,-12.367139372179436,1.4003735595373599,Leyton and Wanstead,1949-12-10,7872,1983-06-09,M,"Cohen, Harry",Labour
14,174,-10.206641979794849,1.2816703713217663,Hammersmith and Fulham,1958-01-18,2868,1997-05-01,M,"Coleman, Mr Iain",Labour
15,498,32.36218984690429,-5.919586332167951,Westmorland and Lonsdale,1964-05-07,2868,1997-05-01,M,"Collins, Mr Tim",Conservative
16,198,-13.318442312854847,-0.5721463287778381,Putney,1943-07-24,2868,1997-05-01,M,"Colman, Mr Tony",Labour
17,602,-12.05566420487288,2.148889923870227,Falkirk East,1947-09-03,4693,1992-04-09,M,"Connarty, Michael",Labour
18,1202,27.083720878712246,-6.1101924823897855,Old Bexley and Sidcup,1953-02-15,6398,1983-06-09,M,"Conway, Derek",Conservative
19,504,-6.330187432824498,-0.3723309381506572,Stockton North,1935-11-03,7872,1983-06-09,M,"Cook, Frank",Labour
20,623,-12.409216573549696,-0.41398233439624055,Livingston,1946-02-28,11187,1974-02-28,M,"Cook, Mr Robin",Labour
21,420,-9.985693831615611,-1.3545942538403493,Pontefract and Castleford,1969-03-20,2868,1997-05-01,F,"Cooper, Yvette",Labour
22,185,-4.400394412761835,9.489683310833763,Islington North,1949-05-26,7872,1983-06-09,M,"Corbyn, Jeremy",Labour
23,282,25.087933299408473,-5.06186186458629,South Staffordshire,1939-05-18,12518,1970-06-18,M,"Cormack, L.",Conservative
24,215,-15.295346399383526,-0.08001977719318491,Bristol East,1942-05-05,4693,1992-04-09,F,"Corston, B.",Labour
25,3786,20.454108667015987,21.07886022115556,Weston-Super-Mare,1936-08-24,2868,1997-05-01,M,"Cotter, L.",Liberal Democrat
26,521,-16.116145406733125,1.6338405220250194,Newcastle upon Tyne Central,1944-02-23,6433,1987-06-11,M,"Cousins, Jim",Labour
27,205,-4.262209132459705,3.013267563298709,Tooting,1930-01-19,12518,1970-06-18,M,"Cox, Tom",Labour
28,368,21.383177817677105,-3.542326886549866,Beverley and Holderness,1944-01-28,6433,1987-06-11,M,"Cran, Mr James",Conservative
29,309,-14.388317263225867,-2.1433092805632867,Dudley North,1948-07-23,2868,1997-05-01,M,"Cranston, Sir Ross",Labour
30,437,-16.367453520707524,-0.462773403244587,Bolton North East,1946-06-17,2868,1997-05-01,M,"Crausby, Sir David",Labour
31,1406,-20.735817461514138,-0.5609349224955682,Dagenham,1962-04-07,1394,2001-06-07,M,"Cruddas, Jon",Labour
32,412,-11.221004857808072,-0.021054566514332105,Keighley,1939-12-14,2868,1997-05-01,F,"Cryer, Mrs Ann",Labour
33,181,-14.800658056181476,3.227226238894102,Hornchurch,1964-04-11,2868,1997-05-01,M,"Cryer, John",Labour
34,509,-15.61430996173634,-1.7330649387490118,Easington,1943-07-06,6433,1987-06-11,M,"Cummings, John",Labour
35,308,-21.867082082061575,-0.3147291276827106,Coventry South,1941-02-04,4693,1992-04-09,M,"Cunningham, Mr Jim",Labour
36,1469,-21.19906391744738,-1.7785889636272552,Workington,1952-09-16,1394,2001-06-07,M,"Cunningham, Sir Tony",Labour
37,496,-6.71030050227024,-1.3556634568757708,Copeland,1939-08-04,12518,1970-06-18,M,"Cunningham of Felling, L.",Labour
38,383,26.05608822797106,-3.029896090829803,Skipton and Ripon,1944-06-13,6433,1987-06-11,M,"Curry, Mr David",Conservative
39,480,-8.917796964111345,-1.5748167344115234,Crosby,1958-04-30,2868,1997-05-01,F,"Curtis-Thomas, Mrs Claire",Labour
40,1395,7.08214848207716,0.42344475736457876,Not serving on 2005-04-01,1957-07-20,741,2001-06-07,M,"Daisley, Mr Paul",Labour
41,622,-6.111075402026112,1.7668221766944272,Linlithgow,1932-08-09,15383,1962-06-14,M,"Dalyell, Tam",Labour
42,596,-10.44705706033604,-1.1062918784651883,Edinburgh Central,1953-11-28,6433,1987-06-11,M,"Darling of Roulanish, L.",Labour
43,188,21.17501906144664,21.198802211542347,Kingston and Surbiton,1965-12-25,2868,1997-05-01,M,"Davey, Sir Edward",Liberal Democrat
44,218,-21.569251227395302,0.23368468060810385,Bristol West,1940-04-16,2868,1997-05-01,F,"Davey, Valerie",Labour
45,1398,-18.32259055039051,-1.19384603294446,Caerphilly,1957-07-01,1394,2001-06-07,M,"David, Wayne",Labour
46,611,-16.52716505803234,0.44611850080725696,"Glasgow, Pollok",1950-09-08,4693,1992-04-09,M,"Davidson, Mr Ian",Labour
47,539,-14.115030911910116,-0.8854787339001606,Llanelli,1938-10-09,12518,1970-06-18,M,"Davies, Denzil",Labour
48,155,-17.23842780561815,-1.694558916177462,Croydon Central,1960-05-03,2868,1997-05-01,M,"Davies, Geraint",Labour
49,346,25.14722645536915,-3.9181182774492656,Grantham and Stamford,1944-05-29,6433,1987-06-11,M,"Davies of Stamford, L.",Conservative
50,373,30.744282471970827,-5.77110264161119,Haltemprice and Howden,1948-12-23,6433,1987-06-11,M,"Davis, Mr David",Conservative
51,299,-4.2134052993277376,1.7143656283451445,Not serving on 2005-04-01,1938-01-05,10067,1971-05-01,M,"Davis, Mr Terry",Labour
52,470,-18.25322987640596,2.583788649706034,Lancaster and Wyre,1953-09-30,2868,1997-05-01,M,"Dawson, Mr Hilton",Labour
53,278,-20.661537440714255,-1.2119144460745046,Burton,1949-01-28,2868,1997-05-01,F,"Dean, Mrs Janet",Labour
54,4154,27.78875375375864,-3.995784996491573,Suffolk Coastal,1939-11-26,10674,1970-06-18,M,"Deben, L.",Conservative
55,172,-7.23041297188314,5.0975035607949675,Hackney North and Stoke Newington,1953-09-27,6433,1987-06-11,F,"Abbott, Ms Diane",Labour
56,645,7.374780272354559,0.38017322350116234,Belfast West,1948-10-06,6047,1983-06-09,M,"Adams, Mr Gerry",Sinn Féin
57,631,-13.981176455481718,-1.6677544605392824,Paisley North,1947-12-27,5166,1990-11-29,F,"Adams of Craigielea, B.",Labour
58,537,-17.434813722820596,-2.103787759158363,Carmarthen West and South Pembrokeshire,1949-10-24,4693,1992-04-09,M,"Ainger, Nick",Labour
59,306,-21.45578031532758,-1.856535837625956,Coventry North East,1952-06-19,4693,1992-04-09,M,"Ainsworth, Mr Bob",Labour
60,99,28.437873881825823,-3.901109460079226,East Surrey,1956-11-16,4693,1992-04-09,M,"Ainsworth, Mr Peter",Conservative
61,632,-12.712549393804096,-0.13367274372318236,Paisley South,1967-10-26,2679,1997-11-06,M,"Alexander, Mr Douglas",Labour
62,397,7.374780272354559,0.38017322350116234,"Sheffield, Hallam",1966-02-11,2868,1997-05-01,M,"Allan of Hallam, L.",Liberal Democrat
63,364,-21.563210758711712,-0.3517022463398415,Nottingham North,1953-01-11,6433,1987-06-11,M,"Allen, Mr Graham",Labour
64,44,30.798741722473082,-4.992380384338412,Southend West,1952-03-26,7872,1983-06-09,M,"Amess, Sir David",Conservative
65,475,-16.41624693465828,-2.1922043793708355,Rossendale and Darwen,1949-12-06,4693,1992-04-09,F,"Anderson, Janet",Labour
66,568,-14.260253652643968,-1.4092329572976632,Swansea East,1939-06-17,12503,1966-03-31,M,"Anderson of Swansea, L.",Labour
67,56,29.55852581002167,-5.3488281903751425,North East Hampshire,1952-08-04,6433,1987-06-11,M,"Arbuthnot of Edrom, L.",Conservative
68,4150,-21.065990982044283,-1.6450498768942752,North West Durham,1945-11-30,6433,1987-06-11,F,"Armstrong of Hill Top, B.",Labour
69,224,-15.748325327406427,-1.2822269531823025,Falmouth and Camborne,1955-09-21,2868,1997-05-01,F,"Atherton, Ms Candy",Labour
70,284,-19.110415037517132,-0.9564027889553504,Staffordshire Moorlands,1950-09-24,2868,1997-05-01,F,"Atkins, Charlotte",Labour
71,240,22.225695340091484,-3.119660123564076,Bournemouth East,1940-03-24,9842,1977-11-24,M,"Atkinson, Mr David",Conservative
72,515,29.7309351683257,-6.9421089869483135,Hexham,1943-01-19,4693,1992-04-09,M,"Atkinson, Mr Peter",Conservative
73,168,-13.942493524639076,2.333780771638392,Erith and Thamesmead,1944-08-21,4693,1992-04-09,M,"Austin, John",Labour
74,1451,32.668746019411394,-5.2215813105393645,South Norfolk,1962-12-03,1394,2001-06-07,M,"Bacon, Mr Richard",Conservative
75,320,-20.15959094716333,-1.8851704912488836,West Bromwich West,1945-12-11,1566,2000-11-23,M,"Bailey, Mr Adrian",Labour
76,1445,-18.077222049227707,-0.18847089069433748,Redcar,1950-02-13,1394,2001-06-07,F,"Baird, Vera",Labour
77,28,18.10836267335327,16.506745826871096,Lewes,1957-07-26,2868,1997-05-01,M,"Baker, Norman",Liberal Democrat
78,93,25.095150666598684,-4.163890794353931,Banbury,1950-07-10,7872,1983-06-09,M,"Baldry, Sir Tony",Conservative
79,4149,13.746992376231125,-1.1877077259887223,North Antrim,1926-04-06,12481,1970-06-18,M,"Bannside, L.",Democratic Unionist Party
80,1389,30.176778839692943,-6.39326629962582,Bexhill and Battle,1966-03-08,1394,2001-06-07,M,"Barker of Battle, L.",Conservative
81,331,-13.571422179864252,4.571592326232308,North East Derbyshire,1936-07-22,6433,1987-06-11,M,"Barnes, Mr Harry",Labour
82,1390,31.73383025092049,-4.624556348953806,Billericay,1959-06-21,1394,2001-06-07,M,"Baron, Mr John",Conservative
83,1412,18.301229752789144,20.11477856112065,Edinburgh West,1954-02-11,1394,2001-06-07,M,"Barrett, John",Liberal Democrat
84,392,-17.520314106797603,-0.8674397948177761,Rother Valley,1946-10-26,7872,1983-06-09,M,"Barron, Sir Kevin",Labour
85,417,-15.15542299551466,-0.035397959667089834,Leeds West,1951-04-26,6433,1987-06-11,M,"Battle, John",Labour
86,385,-14.509518483629538,-1.469913311555291,City of York,1952-01-09,4693,1992-04-09,M,"Bayley, Sir Hugh",Labour
87,144,-17.834840755872282,-0.7832524853913049,Bexleyheath and Crayford,1936-10-10,2868,1997-05-01,M,"Beard, Mr Nigel",Labour
88,328,-8.598173569254055,-1.2416978438887187,Derby South,1943-01-15,9512,1974-10-10,F,"Beckett, Margaret",Labour
89,572,-16.26644687978351,-0.7084937527896303,Aberdeen South,1955-12-06,2868,1997-05-01,F,"Begg, Dame Anne",Labour
90,646,21.061558462974762,-3.8945388018860063,East Antrim,1936-02-20,7835,1983-06-09,M,"Beggs, Mr Roy",Ulster Unionist Party
91,513,20.72105096702325,18.28530298699085,Berwick-upon-Tweed,1943-04-20,11279,1973-11-08,M,"Beith, L.",Liberal Democrat
92,501,-8.257531188031122,-1.5603394027819883,Middlesbrough,1938-05-16,7872,1983-06-09,M,"Bell, Sir Stuart",Labour
93,1441,31.85046726875351,-5.895933089498846,North West Norfolk,1955-03-29,6398,1983-06-09,M,"Bellingham, Sir Henry",Conservative
94,413,-11.67730601341021,-1.277654789152373,Leeds Central,1953-11-26,2098,1999-06-10,M,"Benn, Hilary",Labour
95,443,-12.236326042872438,3.521009409577293,Denton and Reddish,1939-03-09,11187,1974-02-28,M,"Bennett, Andrew",Labour
96,479,-17.70264424422213,-1.5301672834512063,Bootle,1933-09-28,5187,1990-11-08,M,"Benton, Mr Joe",Labour
97,17,29.91528576863793,-4.992442348220645,Buckingham,1963-01-19,2868,1997-05-01,M,"Bercow, John",Conservative
98,103,30.58381733751229,-5.58983145851857,Mole Valley,1946-04-06,4693,1992-04-09,M,"Beresford, Sir Paul",Conservative
99,219,-18.957652788170027,0.39910476854107607,Kingswood,1948-07-04,4693,1992-04-09,M,"Berry, Roger",Labour
100,416,-10.35851213284338,3.337353924854703,Leeds North West,1937-12-18,2868,1997-05-01,M,"Best, Mr Harold",Labour
101,394,-16.820247787841115,-0.5095905810682744,"Sheffield, Attercliffe",1950-01-13,4693,1992-04-09,M,"Betts, Mr Clive",Labour
102,322,-19.36344042995658,-2.3445035862964785,Wolverhampton South East,1942-08-26,6433,1987-06-11,M,"Bilston, L.",Labour
103,329,-20.72714677915691,-2.142546531293893,Erewash,1949-09-26,2868,1997-05-01,F,"Blackman, Liz",Labour
104,512,4.8977772271443,-1.1720879178346615,Sedgefield,1953-05-06,7872,1983-06-09,M,"Blair, Mr Tony",Labour
105,456,-18.73207614112702,-1.8821595471858419,Salford,1956-05-14,2868,1997-05-01,F,"Blears, Hazel",Labour
106,497,31.61691148797366,-5.806483908862073,Penrith and The Border,1953-05-16,7823,1983-07-28,M,"Blencathra, L.",Conservative
107,138,-16.816481252427906,-0.9591084061041633,Waveney,1950-05-31,2868,1997-05-01,M,"Blizzard, Mr Bob",Labour
108,395,-1.6233807301443723,-3.6218988405825367,"Sheffield, Brightside",1947-06-06,6433,1987-06-11,M,"Blunkett, L.",Labour
109,104,28.904320440821945,-4.486482601422058,Reigate,1960-07-15,2868,1997-05-01,M,"Blunt, Crispin",Conservative
110,147,-8.74451213439566,-2.033278221123298,Brent South,1951-06-14,6433,1987-06-11,M,"Boateng, L.",Labour
111,61,-16.316440652297505,-1.8795372372318737,"Southampton, Itchen",1953-07-15,4693,1992-04-09,M,"Denham, Mr John",Labour
112,1420,-19.84230142668934,-1.036911652186763,Gloucester,1971-09-17,1394,2001-06-07,M,"Dhanda, Mr Parmjit",Labour
113,179,-15.755105917920394,0.4336404569175213,Hendon,1954-09-02,2868,1997-05-01,M,"Dismore, Mr Andrew",Labour
114,1425,33.24384297925371,-6.276144574649669,Huntingdon,1965-06-03,1394,2001-06-07,M,"Djanogly, Mr Jonathan",Conservative
115,446,-17.55676843720883,-0.0790370764438525,Heywood and Middleton,1941-05-26,2868,1997-05-01,M,"Dobbin, Jim",Labour
116,180,-15.306067272283343,1.7360339409538807,Holborn and St Pancras,1940-03-15,9343,1979-05-03,M,"Dobson, Frank",Labour
117,1388,20.250849530268955,-2.907340930122322,Belfast North,1958-08-20,1394,2001-06-07,M,"Dodds, Nigel",Democratic Unionist Party
118,1465,7.374780272354559,0.38017322350116234,West Tyrone,1945-07-18,1394,2001-06-07,M,"Doherty, Mr Pat",Sinn Féin
119,650,16.844103717372654,-2.8672178855209354,Lagan Valley,1962-12-07,2868,1997-05-01,M,"Donaldson, Sir Jeffrey M.",Democratic Unionist Party
120,586,-17.711489180592043,0.09002678033542139,Cunninghame South,1948-09-10,4693,1992-04-09,M,"Donohoe, Mr Brian H.",Labour
121,570,-18.71772983108699,-0.07316305775734205,Aberdeen Central,1949-04-13,4608,1987-06-11,M,"Doran, Mr Frank",Labour
122,336,20.74867233136523,-3.102392166143871,Charnwood,1952-03-25,9343,1979-05-03,M,"Dorrell, Mr Stephen",Conservative
123,1422,21.16385711010368,20.488504436444188,Guildford,1948-04-13,1394,2001-06-07,F,"Doughty, Sue",Liberal Democrat
124,189,-21.530346455766523,-1.6063105026138116,Lewisham West,1951-03-05,4693,1992-04-09,M,"Dowd, Jim",Labour
125,252,-15.714414373144887,0.883832709135948,Stroud,1952-04-13,2868,1997-05-01,M,"Drew, Dr David",Labour
126,263,-6.833031372790239,1.5849062253440431,South Swindon,1962-08-23,2868,1997-05-01,F,"Drown, Julia",Labour
127,343,27.944972921034807,-3.724491050516503,Rutland and Melton,1957-03-31,4693,1992-04-09,M,"Duncan, Sir Alan",Conservative
128,1417,22.23125150650636,-3.946101272187593,Galloway and Upper Nithsdale,1965-07-10,1394,2001-06-07,M,"Duncan, Mr Peter",Conservative
129,152,23.545994706259034,-4.267708730641434,Chingford and Woodford Green,1954-04-09,4693,1992-04-09,M,"Duncan Smith, Mr Iain",Conservative
130,426,-1.1132661488919127,1.2853964876307673,Crewe and Nantwich,1930-12-12,12707,1966-03-31,F,"Dunwoody, Mrs Gwyneth",Labour
131,491,-20.026325309297334,-0.5952427476022722,Wallasey,1961-02-17,4693,1992-04-09,F,"Eagle, Ms Angela",Labour
132,483,-20.57405543652266,-1.4566597993755277,"Liverpool, Garston",1961-02-17,2868,1997-05-01,F,"Eagle, Maria",Labour
133,543,-18.547765066009344,-0.5432954760672728,Monmouth,1953-04-12,3173,1991-05-16,M,"Edwards, Mr Huw",Labour
134,165,-16.069404454733828,-1.0559223209698119,Eltham,1958-07-10,2868,1997-05-01,M,"Efford, Clive",Labour
135,484,-20.578773785213123,-0.21109435868609833,"Liverpool, Riverside",1945-11-14,2868,1997-05-01,F,"Ellman, Mrs Louise",Labour
136,387,-17.43230172179688,-2.041416204153347,Barnsley East and Mexborough,1952-11-13,2985,1996-12-12,M,"Ennis, Jeff",Labour
137,526,-7.576528506143442,2.673769495436246,Sunderland North,1941-07-17,4693,1992-04-09,M,"Etherington, Bill",Labour
138,474,7.374780272354559,0.38017322350116234,Ribble Valley,1957-11-10,4693,1992-04-09,M,"Evans, Mr Nigel",Conservative
139,1443,14.453437609418586,11.50285430216223,Perth,1960-08-20,1394,2001-06-07,F,"Ewing, Annabelle",Scottish National Party
140,280,31.50586614588439,-5.784806207467056,Lichfield,1950-06-12,4693,1992-04-09,M,"Fabricant, Michael",Conservative
141,88,31.770790669809887,-5.957875226797624,Sevenoaks,1952-05-14,6047,1983-06-09,M,"Fallon, Sir Michael",Conservative
142,1436,-18.181149960939443,0.08377985739168682,Newcastle-under-Lyme,1962-03-02,1394,2001-06-07,M,"Farrelly, Paul",Labour
143,478,-12.999874680425714,-0.26065284924957405,Birkenhead,1942-07-16,9343,1979-05-03,M,"Field, Frank",Labour
144,1405,32.317403989628,-5.583894298439718,Cities of London and Westminster,1964-10-06,1394,2001-06-07,M,"Field, Mark",Conservative
145,285,-12.806445421447028,3.639084789518748,Stoke-on-Trent Central,1944-10-29,7872,1983-06-09,M,"Fisher, Mark",Labour
146,197,-19.117520388871515,-1.8890745699087195,Poplar and Canning Town,1952-04-04,2868,1997-05-01,M,"Fitzpatrick, Jim",Labour
147,455,-14.982806151692166,-1.939651077471523,Rochdale,1967-08-06,2868,1997-05-01,F,"Fitzsimons, Mrs Lorna",Labour
148,4211,30.33499058901915,-5.992879402674344,Arundel and South Downs,1948-06-16,2868,1997-05-01,M,"Flight, L.",Independent Conservative
149,389,-17.510137380550187,-2.248843336579569,Don Valley,1961-09-20,2868,1997-05-01,F,"Flint, Caroline",Labour
150,1459,31.730096102250474,-6.5029478353860695,Taunton,1963-07-09,1394,2001-06-07,M,"Flook, Mr Adrian",Conservative
151,545,-13.199756683320475,2.2476755786277036,Newport West,1935-02-09,6433,1987-06-11,M,"Flynn, Paul",Labour
152,72,-14.060483723617702,0.2786576866535885,Stevenage,1942-12-25,2868,1997-05-01,F,"Follett, Barbara",Labour
153,149,32.64985322378944,-6.791574695135107,Bromley and Chislehurst,1944-09-09,7872,1983-06-09,M,"Forth, Mr Eric",Conservative
154,271,-21.284049119339375,-1.5430345207289657,Worcester,1963-03-14,2868,1997-05-01,M,"Foster, Mr Michael",Labour
155,26,-19.840209804182518,-1.3064756498870937,Hastings and Rye,1946-02-26,2868,1997-05-01,M,"Foster, Michael Jabez",Labour
156,214,21.816780317931,22.9649047972378,Bath,1947-03-31,4693,1992-04-09,M,"Foster of Bath, L.",Liberal Democrat
157,506,-17.035306325600438,-1.8969378299058393,Bishop Auckland,1937-06-25,9343,1979-05-03,M,"Foster of Bishop Auckland, L.",Labour
158,579,-13.083465525329492,-2.524507320486206,"Carrick, Cumnock and Doon Valley",1942-01-21,9343,1979-05-03,M,"Foulkes of Cumnock, L.",Labour
159,223,23.461593972791928,-3.9385770722044433,Woodspring,1961-09-22,4693,1992-04-09,M,"Fox, Dr Liam",Conservative
160,134,7.374780272354559,0.38017322350116234,Central Suffolk and North Ipswich,1938-10-17,7872,1983-06-09,M,"Framlingham, L.",Independent
161,1382,-17.939030881290034,0.40084474571891826,Aberavon,1946-06-06,1394,2001-06-07,M,"Francis, Dr Hywel",Labour
162,1444,30.374842194247382,-7.1614616106196,Rayleigh,1965-08-14,1394,2001-06-07,M,"Francois, Mr Mark",Conservative
163,87,28.348654981619372,-5.339288661707059,North Thanet,1943-08-20,7872,1983-06-09,M,"Gale, Sir Roger",Conservative
164,609,3.5502897670713325,3.343946656765696,"Glasgow, Kelvin",1954-08-16,6433,1987-06-11,M,"Galloway, Mr George",Respect
165,184,-17.16868170473154,-1.1068188245622306,Ilford South,1952-09-04,4693,1992-04-09,M,"Gapes, Mike",Labour
166,186,-13.841867894428608,1.9795810580356343,Islington South and Finsbury,1951-07-24,7872,1983-06-09,M,"Smith of Finsbury, L.",Labour
167,644,22.793905311266695,-2.531709451374778,Belfast South,1931-06-15,8270,1982-03-04,M,"Smyth, The Rev Martin",Ulster Unionist Party
168,116,24.215819347184915,-3.6961175006683264,Mid Sussex,1948-02-12,7872,1983-06-09,M,"Soames, Sir Nicholas",Conservative
169,160,-19.504166413725105,-0.4434190473968924,"Ealing, Acton and Shepherd's Bush",1939-05-07,9343,1979-05-03,M,"Soley, L.",Labour
170,433,-16.385150023289356,-1.5077103141499464,Warrington South,1956-11-13,2868,1997-05-01,F,"Southworth, Helen",Labour
171,318,-13.393182338734764,-1.0938886714170302,Warley,1947-08-05,4890,1982-10-28,M,"Spellar, John",Labour
172,312,27.82040877688415,-4.099517393588143,Meriden,1958-05-04,2868,1997-05-01,F,"Spelman, Dame Caroline",Conservative
173,270,33.06986644348549,-6.556746910111155,West Worcestershire,1943-01-22,11187,1974-02-28,M,"Spicer, L.",Conservative
174,1214,33.03237921535712,-6.013677031374646,Castle Point,1948-08-01,3219,1992-04-09,M,"Spink, Bob",Conservative
175,592,-11.04095700926477,-1.1696813230663792,Dunfermline West,1954-07-13,4693,1992-04-09,F,"Squire, Rachel",Labour
176,91,29.907110567003272,-5.271805754752212,Tonbridge and Malling,1942-01-19,11187,1974-02-28,M,"Stanley, Sir John",Conservative
177,19,-20.23460788758077,-1.9181534554580078,Milton Keynes South West,1947-01-04,2868,1997-05-01,F,"Starkey, Dr Phyllis",Labour
178,239,27.918288265513713,-5.383080130335015,Totnes,1939-07-22,11187,1974-02-28,M,"Steen, Mr Anthony",Conservative
179,508,-18.458514810867847,-0.785784159680684,City of Durham,1945-04-20,6433,1987-06-11,M,"Steinberg, Mr Gerry",Labour
180,287,-8.64651869509779,0.27358231083535317,Stoke-on-Trent South,1938-08-30,4693,1992-04-09,M,"Stevenson, Mr George",Labour
181,619,-16.466863209175653,-1.3085134746007445,"Inverness East, Nairn and Lochaber",1956-05-05,2868,1997-05-01,M,"Stewart, Mr David",Labour
182,444,-18.204521835681103,-1.6159014782484507,Eccles,1950-08-28,2868,1997-05-01,M,"Stewart, Ian",Labour
183,356,-19.062187381682744,-0.36304367907189944,Wellingborough,1962-04-25,2868,1997-05-01,M,"Stinchcombe, Mr Paul",Labour
184,79,-19.79706004268419,-1.1567474352643292,Dartford,1954-04-14,2868,1997-05-01,M,"Stoate, Dr Howard",Labour
185,597,-12.107433161961907,-0.9585652955171706,Edinburgh East and Musselburgh,1943-07-10,12518,1970-06-18,M,"Strang, Dr Gavin",Labour
186,3748,-14.906472309030375,0.5217326988561412,West Ham,1943-04-08,7872,1983-06-09,M,"Stratford, L.",Labour
187,463,0.7556416037097524,-1.011051514232626,Blackburn,1946-08-03,9343,1979-05-03,M,"Straw, Mr Jack",Labour
188,234,29.34146762818538,-4.261412976592642,South West Devon,1955-10-02,4693,1992-04-09,M,"Streeter, Mr Gary",Conservative
189,449,-15.639256095468847,-1.9481350388657572,"Manchester, Blackley",1950-02-17,2868,1997-05-01,M,"Stringer, Graham",Labour
190,296,-14.132410545020251,-2.1578794968313764,"Birmingham, Edgbaston",1955-11-26,2868,1997-05-01,F,"Stuart, Ms Gisela",Labour
191,445,21.74961728633554,23.764456206156957,Hazel Grove,1942-11-24,2868,1997-05-01,M,"Stunell, L.",Liberal Democrat
192,403,-17.030512265871547,-1.7786076835383877,Bradford South,1953-05-13,3902,1994-06-09,M,"Sutcliffe, Mr Gerry",Labour
193,55,29.318504204566075,-6.302505139256166,New Forest West,1956-08-20,2868,1997-05-01,M,"Swayne, Sir Desmond",Conservative
194,1408,29.920061836444372,-5.487904430051152,East Devon,1959-11-30,1394,2001-06-07,M,"Swire, Sir Hugo",Conservative
195,245,34.22443551272804,-6.817490924793365,Poole,1956-08-15,2868,1997-05-01,M,"Syms, Sir Robert",Conservative
196,1383,-17.918329674373165,-1.4564143627555728,Alyn and Deeside,1962-10-03,1394,2001-06-07,M,"Tami, Mark",Labour
197,348,27.413921224897077,-4.474060204312658,Louth and Horncastle,1930-02-01,15852,1959-10-08,M,"Tapsell, Sir Peter",Conservative
198,505,-19.29989452602686,-2.2119513572225125,Stockton South,1944-12-13,2868,1997-05-01,F,"Taylor, Ms Dari",Labour
199,342,-17.00769322630327,1.1756755676236006,North West Leicestershire,1946-08-22,2868,1997-05-01,M,"Taylor, David",Labour
200,101,25.3339674376037,-4.183975165832509,Esher and Walton,1945-04-18,6433,1987-06-11,M,"Taylor, Mr Ian",Conservative
201,313,32.42340902402139,-5.6237665679767845,Solihull,1941-08-19,7872,1983-06-09,M,"Taylor, Mr John D.",Conservative
202,1472,15.832969293218067,9.27264611138518,Wyre Forest,1934-07-07,1394,2001-06-07,M,"Taylor, Dr Richard",Independent
203,42,30.726265778626992,-5.567343169074837,Rochford and Southend East,1937-04-18,14234,1964-10-15,M,"Taylor, Sir Teddy",Conservative
204,407,-13.399255510582083,-1.4798539369272967,Dewsbury,1947-07-02,9544,1974-10-10,F,"Taylor of Bolton, B.",Labour
205,228,19.98916907346833,19.459396766970386,Truro and St Austell,1963-01-03,6500,1987-03-12,M,"Taylor of Goss Moor, L.",Liberal Democrat
206,1170,13.58718393102852,9.023486757743353,Brent East,1974-06-01,561,2003-09-18,F,"Teather, Sarah",Liberal Democrat
207,177,-13.918155939985656,-1.9406590024953225,Harrow West,1967-07-15,2868,1997-05-01,M,"Thomas, Gareth",Labour
208,532,-15.604596258392135,-1.8246445804102849,Clwyd West,1954-09-25,2868,1997-05-01,M,"Thomas, Gareth",Labour
209,538,18.050316763708,14.808710123160171,Ceredigion,1963-12-28,1860,2000-02-03,M,"Thomas, Mr Simon",Plaid Cymru
210,1399,20.997436286853805,16.736685554069634,"Caithness, Sutherland and Easter Ross",1953-09-10,1394,2001-06-07,M,"Thurso, V.",Liberal Democrat
211,163,-13.70483180542908,-2.3449042868593395,East Ham,1955-07-29,3902,1994-06-09,M,"Timms, Stephen",Labour
212,367,-18.91427126117027,-1.6158067931671993,Sherwood,1949-10-24,4693,1992-04-09,M,"Tipping, Paddy",Labour
213,332,-18.592460995303416,-0.7551602708449998,South Derbyshire,1954-12-29,2868,1997-05-01,M,"Todd, Mr Mark",Labour
214,200,18.137632555135724,19.09976952370527,Richmond Park,1941-02-19,2868,1997-05-01,F,"Tonge, B.",Liberal Democrat
215,542,-19.40253307749916,-1.6125073584098417,Islwyn,1947-12-05,3650,1995-02-16,M,"Touhig, L.",Labour
216,335,26.104535255252728,-4.757529471175257,Bosworth,1950-01-19,6433,1987-06-11,M,"Tredinnick, David",Conservative
217,13,21.141298542713315,-3.0771950753912294,Windsor,1952-04-19,4693,1992-04-09,M,"Trend, Mr Michael",Conservative
218,410,-20.480278707854158,0.35557438953253007,Hemsworth,1950-07-02,3300,1996-02-01,M,"Trickett, Jon",Labour
219,658,15.159865073843054,-1.804699192385967,Upper Bann,1944-10-15,5362,1990-05-17,M,"Trimble, L.",Ulster Unionist Party
220,421,-16.97031632614734,0.7396141810393227,Pudsey,1955-11-17,2868,1997-05-01,M,"Truswell, Mr Paul",Labour
221,1426,34.53026270413556,-6.994838220583434,Isle of Wight,1953-10-24,1394,2001-06-07,M,"Turner, Mr Andrew",Conservative
222,23,-17.843024485616606,0.9786991635399005,"Brighton, Kemptown",1939-07-17,2868,1997-05-01,M,"Turner, Dr Desmond",Labour
223,460,-19.988743383102523,-1.966459325924154,Wigan,1945-09-16,1993,1999-09-23,M,"Turner, Mr Neil",Labour
224,429,-19.59984716994689,-2.2868596958028338,Halton,1959-07-09,2868,1997-05-01,M,"Twigg, Derek",Labour
225,167,-15.679170630605961,-0.631625028174378,"Enfield, Southgate",1966-12-25,2868,1997-05-01,M,"Twigg, Stephen",Labour
226,225,22.38918631749143,21.40526349186605,North Cornwall,1941-10-29,4897,1974-02-28,M,"Tyler, L.",Liberal Democrat
227,618,-18.172264790217614,-0.3320144008552757,Hamilton South,1940-08-18,1993,1999-09-23,M,"Tynan, Mr Bill",Labour
228,112,32.964752059793796,-5.50094515007771,Chichester,1957-01-15,2868,1997-05-01,M,"Tyrie, Mr Andrew",Conservative
229,338,-11.16502956595989,-1.7972543386383635,Leicester East,1956-11-26,6433,1987-06-11,M,"Vaz, Keith",Labour
230,52,26.91907456632901,-5.458227329927026,Gosport,1938-03-13,11187,1974-02-28,M,"Viggers, Sir Peter",Conservative
231,170,-13.103352259349597,3.871607903898228,Finchley and Golders Green,1941-04-04,2868,1997-05-01,M,"Vis, Dr Rudi",Labour
232,286,-17.216032405635485,-0.8543589430652079,Stoke-on-Trent North,1949-01-23,6433,1987-06-11,F,"Walley, Joan",Labour
233,244,24.0588252357281,-3.3609174045061296,North Dorset,1948-05-30,2868,1997-05-01,M,"Walter, Mr Robert",Conservative
234,73,-18.687345205973344,-2.018761303546302,Watford,1972-05-09,2868,1997-05-01,F,"Ward, Claire",Labour
235,487,-15.852694261691823,6.2786761788431384,"Liverpool, West Derby",1930-08-20,7872,1983-06-09,M,"Wareing, Mr Robert N.",Labour
236,25,31.210449682032632,-6.442956319476105,Eastbourne,1950-10-12,4693,1992-04-09,M,"Waterson, Mr Nigel",Conservative
237,1462,32.21532538980685,-6.996795198217117,Upminster,1941-11-18,1394,2001-06-07,F,"Watkinson, Dame Angela",Conservative
238,1463,-17.81287899504115,-1.1329747031639523,West Bromwich East,1967-01-08,1394,2001-06-07,M,"Watson, Tom",Labour
239,489,-21.30462310727521,-1.3682729560568765,St Helens North,1951-08-26,2868,1997-05-01,M,"Watts, L.",Labour
240,220,20.58552906521725,21.37683512564308,Northavon,1965-07-18,2868,1997-05-01,M,"Webb, Steve",Liberal Democrat
241,1384,14.190422263611904,10.819789272635944,Angus,1957-03-24,1394,2001-06-07,M,"Weir, Mike",Scottish National Party
242,20,-21.49867087944787,0.1509452448565217,North East Milton Keynes,1957-05-05,2868,1997-05-01,M,"White, Brian",Labour
243,62,-21.92673422047118,-0.8831320920180463,"Southampton, Test",1950-09-15,2868,1997-05-01,M,"Whitehead, Dr Alan",Labour
244,39,32.67777722318869,-6.443558055405483,Maldon and East Chelmsford,1959-10-16,4693,1992-04-09,M,"Whittingdale, Mr John",Conservative
245,156,-18.550470912113685,-1.5078888084283153,Croydon North,1947-07-01,4693,1992-04-09,M,"Wicks, Malcolm",Labour
246,85,24.248016058478914,-4.876203698288974,Maidstone and The Weald,1947-10-04,6433,1987-06-11,F,"Widdecombe, Miss Ann",Conservative
247,1428,33.992233937106846,-6.587632637746019,Leominster,1966-06-04,1394,2001-06-07,M,"Wiggin, Bill",Conservative
248,202,24.662070519548628,-4.913210627262714,Ruislip - Northwood,1940-09-23,10674,1970-06-18,M,"Wilkinson, Mr John",Conservative
249,53,27.768655016990817,-4.037593354215158,Havant,1956-03-09,4693,1992-04-09,M,"Willetts, L.",Conservative
250,569,-17.29396907091108,0.07916570120509439,Swansea West,1930-10-14,14549,1964-10-15,M,"Williams, Mr Alan",Labour
251,548,-16.65135894551645,-0.4975682896975545,Conwy,1944-07-31,2868,1997-05-01,F,"Williams, Mrs Betty",Labour
252,1397,18.474954914636633,13.766027403861749,Caernarfon,1953-05-14,1394,2001-06-07,M,"Williams, Hywel",Plaid Cymru
253,1394,20.883319087549985,18.562759541295392,Brecon and Radnorshire,1948-01-22,1394,2001-06-07,M,"Williams, Roger",Liberal Democrat
254,4151,19.7056119265611,18.665547641739483,Harrogate and Knaresborough,1941-11-30,2868,1997-05-01,M,"Willis of Knaresborough, L.",Liberal Democrat
255,260,7.374780272354559,0.38017322350116234,North Swindon,1952-05-20,2868,1997-05-01,M,"Wills, L.",Labour
256,107,30.470339678790225,-6.280342381273421,Spelthorne,1943-09-16,6433,1987-06-11,M,"Wilshire, Mr David",Conservative
257,585,-0.9582264534169495,-1.4885721595604517,Cunninghame North,1948-12-13,6433,1987-06-11,M,"Wilson, Mr Brian",Labour
258,316,-19.89421651470674,0.726873190542377,Walsall North,1933-06-26,10863,1966-03-31,M,"Winnick, Mr David",Labour
259,425,30.01096814657355,-5.3219368805934435,Congleton,1941-03-06,7872,1983-06-09,F,"Winterton, Ann",Conservative
260,430,30.70224684788183,-6.669163018825689,Macclesfield,1938-03-31,12049,1971-09-30,M,"Winterton, Sir Nicholas",Conservative
261,390,-17.665950924412734,-2.335409553905164,Doncaster Central,1958-08-10,2868,1997-05-01,F,"Winterton, Dame Rosie",Labour
262,1440,13.194749765468123,11.15243456722446,North Tayside,1962-03-09,1394,2001-06-07,M,"Wishart, Pete",Scottish National Party
263,401,-8.610531944544329,2.599346463731306,Batley and Spen,1946-03-03,2868,1997-05-01,M,"Wood, Mike",Labour
264,98,-16.62489796868756,-1.3392540649812572,St Helens South,1958-10-26,2868,1997-05-01,M,"Woodward, Mr Shaun",Labour
265,453,-19.723788337843004,-0.6867872199425425,Oldham East and Saddleworth,1959-12-11,2868,1997-05-01,M,"Woolas, Mr Phil",Labour
266,581,-15.01406761441446,-0.5000423694999846,Clydebank and Milngavie,1941-10-11,6433,1987-06-11,M,"Worthington, Tony",Labour
267,606,-2.5461161475400975,-1.4155396561372564,"Glasgow, Baillieston",1938-04-28,6433,1987-06-11,M,"Wray, Mr Jimmy",Labour
268,125,-22.080841749405685,-1.4234551353666107,Great Yarmouth,1954-08-12,2868,1997-05-01,M,"Wright, Mr Anthony",Labour
269,1461,-22.635592879076068,-0.8032669887981577,Telford,1966-12-22,1394,2001-06-07,M,"Wright, David",Labour
270,1478,2.4691986721103256,0.3396982010732379,Hartlepool,1972-05-09,183,2004-09-30,M,"Wright, Mr Iain",Labour
271,279,-18.789425628669683,0.3072113606342985,Cannock Chase,1948-03-11,4693,1992-04-09,M,"Wright, Dr Tony",Labour
272,89,-14.773583486633004,-1.2298924784339056,Sittingbourne and Sheppey,1949-12-04,2868,1997-05-01,M,"Wyatt, Derek",Labour
273,136,28.37917746891261,-4.804917545169335,South Suffolk,1945-03-20,7872,1983-06-09,M,"Yeo, Mr Tim",Conservative
274,57,33.53899292922736,-5.691410785168917,North West Hampshire,1941-07-16,11187,1974-02-28,M,"Young of Cookham, L.",Conservative
275,1460,20.027672025189677,17.58695771040868,Teignbridge,1953-01-29,1394,2001-06-07,M,"Younger-Ross, Richard",Liberal Democrat
276,493,-13.901499883535449,-2.3256661858118965,Wirral West,1957-05-27,2868,1997-05-01,M,"Hesford, Stephen",Labour
277,340,-6.5484320888277106,-2.420717488781272,Leicester West,1948-12-02,2868,1997-05-01,F,"Hewitt, Ms Patricia",Labour
278,1386,-19.950138601083633,-0.2219697439515649,Ashton-under-Lyne,1946-04-02,1394,2001-06-07,M,"Heyes, David",Labour
279,203,-21.075659312103983,-1.1184222193943412,Streatham,1943-07-28,4693,1992-04-09,M,"Hill, Keith",Labour
280,423,-13.858795134831405,2.5662310473666112,Wakefield,1948-10-14,6433,1987-06-11,M,"Hinchliffe, Mr David",Labour
281,1414,32.21327411603191,-6.464154192579839,Fareham,1964-03-31,1394,2001-06-07,M,"Hoban, Mr Mark",Conservative
282,140,-11.485279069726925,-1.4449541386308857,Barking,1944-09-08,3902,1994-06-09,F,"Hodge, Dame Margaret",Labour
283,210,-5.406128956352715,-0.0452595792772683,Vauxhall,1946-06-21,5698,1989-06-15,F,"Hoey, Kate",Labour
284,1404,19.466135918185174,21.503846139857462,Chesterfield,1957-01-16,1394,2001-06-07,M,"Holmes, Paul",Liberal Democrat
285,582,-11.022048204391131,-0.4030059642915485,Clydesdale,1948-05-16,6433,1987-06-11,M,"Hood, Mr Jim",Labour
286,357,-8.599861382445114,-1.8451084985684258,Ashfield,1953-12-06,4693,1992-04-09,M,"Hoon, Mr Geoffrey",Labour
287,351,-21.048368881781496,-2.4895207689820995,Corby,1955-04-19,2868,1997-05-01,M,"Hope, Phil",Labour
288,2,-16.646892288545754,5.1915289709198476,Luton North,1941-08-22,2868,1997-05-01,M,"Hopkins, Kelvin",Labour
289,196,33.086368433803955,-4.88150724643478,Orpington,1939-03-07,9339,1970-06-18,M,"Horam, L.",Conservative
290,82,23.381650425308873,-4.112122285531247,Folkestone and Hythe,1941-07-07,7872,1983-06-09,M,"Howard of Lympne, L.",Conservative
291,481,-19.879444708507204,-1.1594620124213166,Knowsley North and Sefton East,1949-06-29,6619,1986-11-13,M,"Howarth, Mr George",Labour
292,47,30.148703839996067,-5.481324153219413,Aldershot,1947-09-12,6047,1983-06-09,M,"Howarth, Sir Gerald",Conservative
293,544,-17.483275048391707,-1.7128122406111503,Newport East,1944-06-11,7872,1983-06-09,M,"Howarth of Newport, L.",Labour
294,556,-12.891434550395685,-2.268934690508475,Pontypridd,1946-11-27,5810,1989-02-23,M,"Howells, Dr Kim",Labour
295,467,7.374780272354559,0.38017322350116234,Chorley,1957-06-10,2868,1997-05-01,M,"Hoyle, Sir Lindsay",Labour
296,391,-20.75324739295488,-1.83442901173678,Doncaster North,1952-12-15,4693,1992-04-09,M,"Hughes, Mr Kevin",Labour
297,194,19.449104249922364,18.12905901315874,North Southwark and Bermondsey,1951-05-17,7950,1983-02-24,M,"Hughes, Simon",Liberal Democrat
298,459,-15.459120098109496,-0.6948820101904458,Stretford and Urmston,1950-03-30,2868,1997-05-01,F,"Hughes of Stretford, B.",Labour
299,464,-20.115730243802567,-0.6566065420020919,Blackpool North and Fleetwood,1951-03-03,2868,1997-05-01,F,"Humble, Mrs Joan",Labour
300,649,6.633500140872744,0.6161899992100441,Foyle,1937-01-18,7872,1983-06-09,M,"Hume, Mr John",Social Democratic & Labour Party
301,48,23.934583610862077,-5.729740242612936,Basingstoke,1943-01-08,7872,1983-06-09,M,"Hunter, Mr Andrew",Democratic Unionist Party
302,32,-15.900310640701516,-1.0921035575852676,Braintree,1945-09-02,2868,1997-05-01,M,"Hurst, Mr Alan",Labour
303,494,-17.206865550617536,-1.982097278348599,Barrow and Furness,1955-05-06,4693,1992-04-09,M,"Hutton of Furness, L.",Labour
304,438,-20.97883429854255,-0.7269523299455786,Bolton South East,1940-07-05,2868,1997-05-01,M,"Iddon, Dr Brian",Labour
305,386,-16.269212935080763,1.8200476603557914,Barnsley Central,1955-04-09,6433,1987-06-11,M,"Illsley, Mr Eric",Labour
306,593,-10.471568880890011,-1.6477532667358519,East Kilbride,1947-02-01,6433,1987-06-11,M,"Ingram, Mr Adam",Labour
307,1476,-15.794701761796302,-0.738283781571432,Ogmore,1963-01-22,1142,2002-02-14,M,"Irranca-Davies, Huw",Labour
308,468,32.2164671684735,-5.940514027264346,Fylde,1946-09-17,6433,1987-06-11,M,"Jack, Mr Michael",Conservative
309,175,-11.619491308499606,4.714815551223818,Hampstead and Highgate,1936-05-09,4693,1992-04-09,F,"Jackson, Glenda",Labour
310,399,-19.801875262222833,0.04314942081870107,"Sheffield, Hillsborough",1939-05-19,4693,1992-04-09,F,"Jackson, Helen",Labour
311,97,19.72868096096021,-4.074160453395444,Wantage,1946-09-24,7872,1983-06-09,M,"Jackson, Mr Robert",Labour
312,232,-18.62084408284697,-1.0848857532306864,"Plymouth, Devonport",1947-05-18,4693,1992-04-09,M,"Jamieson, Mr David",Labour
313,40,29.42947204811112,-4.561612029560856,North Essex,1959-04-09,4693,1992-04-09,M,"Jenkin, Mr Bernard",Conservative
314,289,-19.01963837375426,-0.947857680901481,Tamworth,1942-09-19,3230,1996-04-11,M,"Jenkins, Mr Brian",Labour
315,376,-16.171291757888874,-1.557693507843268,Kingston upon Hull West and Hessle,1950-05-17,2868,1997-05-01,M,"Johnson, Alan",Labour
316,1423,26.64834140660271,-4.838711590202608,Henley,1964-06-19,1394,2001-06-07,M,"Johnson, Boris",Conservative
317,74,-10.107300506349175,-1.4050929016551827,Welwyn Hatfield,1955-02-05,2868,1997-05-01,F,"Johnson, Miss Melanie",Labour
318,432,-17.302080729573362,-1.0478823495121043,Warrington North,1954-12-24,2868,1997-05-01,F,"Jones, Helen",Labour
319,560,-15.221175401747642,-0.7160169231464025,Cardiff Central,1954-04-19,4693,1992-04-09,M,"Jones, Mr Jon Owen",Labour
320,1438,-16.908505311720106,-1.4469222242038295,North Durham,1964-04-25,1394,2001-06-07,M,"Jones, Mr Kevan",Labour
321,303,-11.16043741975482,6.920502686762268,"Birmingham, Selly Oak",1951-04-26,4693,1992-04-09,F,"Jones, Lynne",Labour
322,531,-17.6025034323493,-1.8923007403636962,Clwyd South,1947-03-01,6433,1987-06-11,M,"Jones, Mr Martyn",Labour
323,248,14.850591674288749,12.475068094239287,Cheltenham,1948-03-30,4693,1992-04-09,M,"Jones of Cheltenham, L.",Liberal Democrat
324,159,-5.677168178641444,-2.613423346296803,Dulwich and West Norwood,1947-09-17,4693,1992-04-09,F,"Jowell, B.",Labour
325,603,-19.289925532271837,-2.2997938410029866,Falkirk West,1960-10-13,1538,2000-12-21,M,"Joyce, Eric",Labour
326,451,-14.45489405644126,-1.431262577175867,"Manchester, Gorton",1930-06-21,12518,1970-06-18,M,"Kaufman, Sir Gerald",Labour
327,354,-14.592197909095107,-1.4202049905535392,Northampton North,1951-10-13,2868,1997-05-01,F,"Keeble, Ms Sally",Labour
328,169,-18.287820777955815,-0.9431479530158388,Feltham and Heston,1937-11-25,4693,1992-04-09,M,"Keen, Alan",Labour
329,148,-16.80027991437849,-1.1313716102155251,Brentford and Isleworth,1948-11-26,2868,1997-05-01,F,"Keen, Ann",Labour
330,266,20.058709307435223,15.862774706163446,Hereford,1961-05-21,2868,1997-05-01,M,"Keetch, Mr Paul",Liberal Democrat
331,146,-13.781895602996528,-1.9980349116760383,Brent North,1957-03-10,2868,1997-05-01,M,"Gardiner, Barry",Labour
332,337,29.568628253626013,-5.969273519149031,Harborough,1952-10-26,4693,1992-04-09,M,"Garnier, Sir Edward",Conservative
333,227,20.850796015977576,20.434500160164056,St Ives,1958-12-02,2868,1997-05-01,M,"George, Andrew",Liberal Democrat
334,317,-11.477644272644229,-0.44709701362931387,Walsall South,1942-06-01,11187,1974-02-28,M,"George, Mr Bruce",Labour
335,211,-18.882993515367183,5.215031093906841,Walthamstow,1942-07-03,4693,1992-04-09,M,"Gerrard, Mr Neil",Labour
336,111,31.4323825736878,-5.283227450838498,Bognor Regis and Littlehampton,1960-09-03,2868,1997-05-01,M,"Gibb, Nick",Conservative
337,129,-16.468515816565,2.1913848841944668,Norwich North,1938-09-26,2868,1997-05-01,M,"Gibson, Dr Ian",Labour
338,60,20.482203074854223,20.61606276683946,Romsey,1957-03-26,1769,2000-05-04,F,"Gidley, Sandra",Liberal Democrat
339,1416,7.374780272354559,0.38017322350116234,Fermanagh and South Tyrone,1970-03-28,1394,2001-06-07,F,"Gildernew, Michelle",Sinn Féin
340,1172,9.49553859387813,3.191867929673037,Leicester South,1966-12-20,260,2004-07-15,M,"Gill, Parmjit Singh",Liberal Democrat
341,18,27.16687762751855,-5.339993528781079,Chesham and Amersham,1952-04-21,4693,1992-04-09,F,"Gillan, Dame Cheryl",Conservative
342,233,-21.107665220560676,-1.451002046742792,"Plymouth, Sutton",1949-07-19,2868,1997-05-01,F,"Gilroy, Linda",Labour
343,304,-14.355994815875363,-1.2859927475753423,"Birmingham, Sparkbrook and Small Heath",1946-06-28,4693,1992-04-09,M,"Godsiff, Mr Roger",Labour
344,462,-20.202244926598862,-2.3546210653063664,Wythenshawe and Sale East,1953-06-16,2868,1997-05-01,M,"Goggins, Paul",Labour
345,1471,32.04456177327736,-5.375892770270373,Wycombe,1959-11-17,1394,2001-06-07,M,"Goodman, Mr Paul",Conservative
346,261,31.897756958382192,-6.8606053327359975,North Wiltshire,1954-11-07,2868,1997-05-01,M,"Gray, James",Conservative
347,1413,31.52334928694989,-6.1572815870112425,Epsom and Ewell,1962-04-01,1394,2001-06-07,M,"Grayling, Chris",Conservative
348,76,32.29542000538061,-5.8109866415852425,Ashford,1956-01-17,2868,1997-05-01,M,"Green, Damian",Conservative
349,1429,21.444552416791446,20.10726079919525,Ludlow,1970-04-12,1394,2001-06-07,M,"Green, Matthew",Liberal Democrat
350,380,29.371223390087227,-4.834960279162516,Ryedale,1946-02-15,6433,1987-06-11,M,"Greenway, Mr John",Conservative
351,16,32.99679487737115,-6.196456342783901,Beaconsfield,1956-05-24,2868,1997-05-01,M,"Grieve, Mr Dominic",Conservative
352,10,-18.05295511179283,0.3975295449500639,Reading East,1954-04-17,2868,1997-05-01,F,"Griffiths, Jane",Labour
353,600,-12.636826723375876,-1.092897658026227,Edinburgh South,1955-05-20,6433,1987-06-11,M,"Griffiths, Nigel",Labour
354,551,-18.812685825584182,0.05297691120003989,Bridgend,1943-02-11,6433,1987-06-11,M,"Griffiths, Mr Win",Labour
355,382,-18.25522831301093,0.11251969505978884,Selby,1961-02-24,2868,1997-05-01,M,"Grogan, John",Labour
356,379,26.10232149573144,-3.7543133218204887,Richmond (Yorks),1961-03-26,5810,1989-02-23,M,"Hague of Richmond, L.",Conservative
357,349,27.234246986876272,-1.0063353514958249,Sleaford and North Hykeham,1945-02-05,9343,1979-05-03,M,"Hailsham, V.",Conservative
358,567,-14.02897092269758,-1.0048127299300749,Neath,1950-02-16,5040,1991-04-04,M,"Hain, L.",Labour
359,434,-22.452661780643787,-1.3048375319051146,Weaver Vale,1952-09-20,4693,1992-04-09,M,"Hall, Mr Mike",Labour
360,1,-20.09308343925566,-0.5107619110402964,Bedford,1951-10-20,2868,1997-05-01,M,"Hall, Patrick",Labour
361,1432,-16.239030468582552,0.1502597781771061,Midlothian,1950-10-24,1394,2001-06-07,M,"Hamilton, Mr David",Labour
362,415,-10.755482221770443,-0.9987862773804093,Leeds North East,1955-04-12,2868,1997-05-01,M,"Hamilton, Fabian",Labour
363,105,32.871995145131045,-6.613148513017907,Runnymede and Weybridge,1955-12-04,2868,1997-05-01,M,"Hammond, Mr Philip",Conservative
364,59,16.529514463820455,14.74180506717681,Portsmouth South,1946-04-09,3936,1984-06-14,M,"Hancock, Mr Mike",Liberal Democrat
365,533,-22.915957540833976,-1.2503117726832738,Delyn,1957-07-05,4693,1992-04-09,M,"Hanson, David",Labour
366,150,-10.299782119659067,-1.4380354194141243,Camberwell and Peckham,1950-07-30,8069,1982-10-28,F,"Harman, Ms Harriet",Labour
367,96,18.11283571461513,16.110898822664165,Oxford West and Abingdon,1965-10-21,2868,1997-05-01,M,"Harris, Dr Evan",Liberal Democrat
368,1418,-19.305072129625838,-2.2785415938700195,"Glasgow, Cathcart",1964-02-20,1394,2001-06-07,M,"Harris, Mr Tom",Labour
369,231,20.988777855100015,18.058307254423152,North Devon,1961-08-03,4693,1992-04-09,M,"Harvey, Sir Nick",Liberal Democrat
370,43,7.374780272354559,0.38017322350116234,Saffron Walden,1937-06-23,11313,1970-06-18,M,"Haselhurst, Sir Alan",Independent
371,1430,-17.951640702914457,-0.14643781139765408,Merthyr Tydfil and Rhymney,1950-02-07,1394,2001-06-07,M,"Havard, Mr Dai",Labour
372,108,31.783712439332813,-6.537468675640525,Surrey Heath,1957-03-27,4693,1992-04-09,M,"Hawkins, Mr Nick",Conservative
373,350,30.603843208795105,-5.692684112888761,South Holland and The Deepings,1958-06-23,2868,1997-05-01,M,"Hayes, Mr John",Conservative
374,311,7.374780272354559,0.38017322350116234,Halesowen and Rowley Regis,1942-07-20,3593,1990-03-22,F,"Heal, Sylvia",Independent
375,69,31.737909201795226,-5.750990190287123,North East Hertfordshire,1954-12-15,4693,1992-04-09,M,"Heald, Sir Oliver",Conservative
376,400,-19.81190548298773,-1.3185813543392395,Wentworth,1960-02-13,2868,1997-05-01,M,"Healey, John",Labour
377,255,22.898420727848105,22.199045694726472,Somerton and Frome,1954-03-16,2868,1997-05-01,M,"Heath, Mr David",Liberal Democrat
378,257,29.388455046092066,-5.768315673766103,Wells,1949-03-21,7872,1983-06-09,M,"Heathcoat-Amory, Mr David",Conservative
379,522,-13.918333969749542,0.41262037337706486,Newcastle upon Tyne North,1949-06-09,6433,1987-06-11,M,"Henderson, Mr Doug",Labour
380,38,-20.891361037822055,-2.145926274594662,Harwich,1958-06-07,2868,1997-05-01,M,"Henderson, Mr Ivan",Labour
381,473,-20.467209760839854,-1.697075054501348,Preston,1958-11-02,1566,2000-11-23,M,"Hendrick, Sir Mark",Labour
382,1220,31.184854797431736,-6.175404151706292,Wealden,1959-05-06,3219,1992-04-09,M,"Hendry, Charles",Conservative
383,520,-19.605459896078475,-1.6326156916900187,Jarrow,1959-12-06,2868,1997-05-01,M,"Hepburn, Mr Stephen",Labour
384,363,-18.73690826416493,-2.175580655334725,Nottingham East,1948-11-03,4693,1992-04-09,M,"Heppell, Mr John",Labour
385,1437,18.489155428447397,-2.896958978222903,North Down,1955-08-11,1394,2001-06-07,F,"Hermon, Lady",Ulster Unionist Party
386,476,-16.57826353336121,-0.18979282632859604,South Ribble,1952-08-02,2868,1997-05-01,M,"Borrow, Mr David S.",Labour
387,352,33.75191863762085,-6.57582970260944,Daventry,1942-12-02,6433,1987-06-11,M,"Boswell of Aynho, L.",Conservative
388,117,28.2936906026393,-4.819374354899254,Worthing West,1944-07-30,10724,1975-06-26,M,"Bottomley, Sir Peter",Conservative
389,106,23.820876226617067,-4.7820351153058285,South West Surrey,1948-03-12,7543,1984-05-03,F,"Bottomley of Nettlestone, B.",Conservative
390,452,-18.22129278381209,-2.3895530215473406,"Manchester, Withington",1950-05-17,6433,1987-06-11,M,"Bradley, L.",Labour
391,277,-22.424188548142627,-0.9385356620655402,The Wrekin,1953-04-12,2868,1997-05-01,M,"Bradley, Peter",Labour
392,230,-16.767293628170943,-2.4922508455680954,Exeter,1960-08-30,2868,1997-05-01,M,"Bradshaw, Mr Ben",Labour
393,435,32.9843490928392,-6.178553344819084,Altrincham and Sale West,1967-05-20,2868,1997-05-01,M,"Brady, Sir Graham",Conservative
394,151,18.970613257675716,19.81254686400358,Carshalton and Wallington,1962-05-06,2868,1997-05-01,M,"Brake, Tom",Liberal Democrat
395,77,33.28856585437989,-6.44861240175603,Canterbury,1953-07-24,6433,1987-06-11,M,"Brazier, Sir Julian",Conservative
396,226,20.137359301815668,17.846360492880994,South East Cornwall,1947-05-04,2868,1997-05-01,M,"Breed, Mr Colin",Liberal Democrat
397,1400,-20.394576148902544,-0.11045589239150869,Cardiff West,1959-10-16,1394,2001-06-07,M,"Brennan, Kevin",Labour
398,1431,19.990146271009564,20.555102533639452,Mid Dorset and North Poole,1947-06-07,1394,2001-06-07,F,"Brooke, Annette",Liberal Democrat
399,591,3.5786710220234643,-0.34422994249526234,Dunfermline East,1951-02-20,7872,1983-06-09,M,"Brown, Mr Gordon",Labour
400,523,-16.809869823394813,-0.704903375218929,Newcastle upon Tyne East and Wallsend,1950-06-13,7872,1983-06-09,M,"Brown, Mr Nicholas",Labour
401,588,-15.0962179368712,-0.6648498514955455,Dumfries,1951-09-17,2868,1997-05-01,M,"Brown, Mr Russell",Labour
402,620,-12.872809501680823,-2.22296330293057,Kilmarnock and Loudoun,1952-03-22,2868,1997-05-01,M,"Browne of Ladyton, L.",Labour
403,236,32.17579755387533,-5.250065317955765,Tiverton and Honiton,1946-12-04,4693,1992-04-09,F,"Browning, B.",Conservative
404,615,18.168549988936945,15.876174305642174,Gordon,1944-11-17,7872,1983-06-09,M,"Bruce of Bennachie, L.",Liberal Democrat
405,1446,-19.944695590054355,-1.643734135143487,Rhondda,1962-01-11,1394,2001-06-07,M,"Bryant, Chris",Labour
406,199,-17.752214341916776,0.9065897478429867,Regent's Park and Kensington North,1958-08-30,2868,1997-05-01,F,"Buck, Ms Karen",Labour
407,301,-17.211584785504503,-0.5781111551156738,"Birmingham, Northfield",1954-09-01,4693,1992-04-09,M,"Burden, Richard",Labour
408,408,-15.372921502633018,-1.3029710910726255,Elmet,1948-04-22,2868,1997-05-01,M,"Burgon, Colin",Labour
409,238,20.413251739424446,13.550802165449817,Torridge and West Devon,1945-09-19,2868,1997-05-01,M,"Burnett, L.",Liberal Democrat
410,1427,-19.919392539353378,-1.1069781692932832,Leigh,1970-01-07,1394,2001-06-07,M,"Burnham, Andy",Labour
411,46,30.299048792849405,-5.8555836550713485,West Chelmsford,1952-09-06,6433,1987-06-11,M,"Burns, Sir Simon",Conservative
412,1449,25.044512876397125,-5.892783528153058,South Antrim,1951-08-24,1394,2001-06-07,M,"Burnside, David",Ulster Unionist Party
413,204,20.321603922940383,20.395565680044886,Sutton and Cheam,1962-05-13,2868,1997-05-01,M,"Burstow, Paul",Liberal Democrat
414,1201,29.892808266725233,-6.207040962147983,North East Bedfordshire,1955-05-25,6398,1983-06-09,M,"Burt, Alistair",Conservative
415,241,28.389931391717965,-5.042638886986068,Bournemouth West,1941-02-14,7872,1983-06-09,M,"Butterfill, Sir John",Conservative
416,524,-12.70323441781066,-2.4551121746835376,North Tyneside,1953-04-13,4693,1992-04-09,M,"Byers, Mr Stephen",Labour
417,1171,1.4444898946303035,0.37123970866905104,"Birmingham, Hodge Hill",1970-10-02,260,2004-07-15,M,"Byrne, Liam",Labour
418,207,19.609940528588634,19.231180530215074,Twickenham,1943-05-09,2868,1997-05-01,M,"Cable, Sir Vince",Liberal Democrat
419,396,-7.300569924347954,0.11606776894448513,Sheffield Central,1943-10-06,7872,1983-06-09,M,"Caborn, Mr Richard",Labour
420,1421,-21.318358846146307,-1.5014198680270556,Greenock and Inverclyde,1966-08-07,1394,2001-06-07,M,"Cairns, David",Labour
421,1403,18.127124326447497,19.110690670678004,Cheadle,1948-09-19,1394,2001-06-07,F,"Calton, Mrs Patsy",Liberal Democrat
422,1467,31.402641324807885,-4.609979406450132,Witney,1966-10-09,1394,2001-06-07,M,"Cameron, Mr David",Conservative
423,529,-20.274936991979956,-1.7507311144028093,Tynemouth,1957-07-08,2868,1997-05-01,M,"Campbell, Mr Alan",Labour
424,118,-20.13925484561538,-0.9683198583532615,Cambridge,1940-04-06,4693,1992-04-09,F,"Campbell, Mrs Anne",Labour
425,1409,16.84562229234115,-1.5664320750770961,East Londonderry,1953-02-15,1394,2001-06-07,M,"Campbell, Mr Gregory",Democratic Unionist Party
426,514,-18.02270049695774,-0.8716151939275614,Blyth Valley,1943-08-14,6433,1987-06-11,M,"Campbell, Mr Ronnie",Labour
427,627,19.143872112760107,17.318655052683873,North East Fife,1941-05-22,6433,1987-06-11,M,"Campbell of Pittenweem, L.",Liberal Democrat
428,135,7.190270758656779,0.7011808066135181,Not serving on 2005-04-01,1946-06-28,3429,1992-04-09,M,"Cann, Mr Jamie",Labour
429,27,-15.000818883813444,-1.8890707560205218,Hove,1958-11-08,2868,1997-05-01,M,"Caplin, Mr Ivor",Labour
430,1442,19.25735025906547,20.45592493270108,Orkney and Shetland,1965-07-15,1394,2001-06-07,M,"Carmichael, Mr Alistair",Liberal Democrat
431,213,-19.81646565046305,-0.781922287622501,Wimbledon,1960-05-22,2868,1997-05-01,M,"Casale, Roger",Labour
432,288,31.740462803913164,-5.565140797723276,Stone,1940-05-10,7543,1984-05-03,M,"Cash, Sir William",Conservative
433,566,-19.342296593426408,0.8299314116843728,Gower,1951-06-15,2868,1997-05-01,M,"Caton, Martin",Labour
434,369,-18.990823294562677,-1.4559011156744588,Brigg and Goole,1960-04-14,2868,1997-05-01,M,"Cawsey, Mr Ian",Labour
435,1434,-21.745011675862738,0.17130513665801983,Morley and Rothwell,1953-06-12,1394,2001-06-07,M,"Challen, Colin",Labour
436,492,-18.161241049252887,-1.6190684450737287,Wirral South,1940-07-08,2908,1997-02-27,M,"Chapman, Ben",Labour
437,153,31.03443620844699,-6.679875152502028,Chipping Barnet,1935-10-17,10674,1970-06-18,M,"Chapman, Sir Sydney",Conservative
438,440,-15.913730641274748,-0.27136506444100217,Bury North,1949-08-03,2868,1997-05-01,M,"Chaytor, Mr David",Labour
439,50,16.926626696199513,16.15851663558655,Eastleigh,1942-07-09,3902,1994-06-09,M,"Chidgey, L.",Liberal Democrat
440,242,33.793331270664275,-6.569543234169624,Christchurch,1947-05-19,6047,1983-06-09,M,"Chope, Sir Christopher",Conservative
441,388,-15.736549369717014,3.5074217382958914,Barnsley West and Penistone,1943-05-15,4693,1992-04-09,M,"Clapham, Mr Michael",Labour
442,439,-4.825339466639167,-1.9333896487051354,Bolton West,1968-05-09,2868,1997-05-01,F,"Kelly, Ruth",Labour
443,519,-14.897166667144552,-2.051679145531773,Houghton and Washington East,1958-09-01,2868,1997-05-01,M,"Kemp, Mr Fraser",Labour
444,634,17.3826048746744,14.359008781279947,"Ross, Skye and Inverness West",1959-11-25,7872,1983-06-09,M,"Kennedy, Mr Charles",Liberal Democrat
445,486,-6.494587349602829,-1.7347199876971575,"Liverpool, Wavertree",1958-05-04,4693,1992-04-09,F,"Kennedy, Jane",Labour
446,262,31.419127290386854,-5.628309396426363,Salisbury,1945-04-22,7872,1983-06-09,M,"Key, Robert",Conservative
447,162,-18.898256468417024,-1.6155900303361157,"Ealing, Southall",1924-11-20,4693,1992-04-09,M,"Khabra, Mr Piara S",Labour
448,283,-22.26449272130348,-1.1103912228401382,Stafford,1955-03-21,2868,1997-05-01,M,"Kidney, Mr David",Labour
449,485,-14.046023162325527,1.8252836812780444,"Liverpool, Walton",1946-06-09,4949,1991-07-04,M,"Kilfoyle, Mr Peter",Labour
450,292,-17.60404850367083,-1.8253371593176178,Rugby and Kenilworth,1948-09-14,2868,1997-05-01,M,"King, Andy",Labour
451,143,-14.244894491751806,-1.2023785909505065,Bethnal Green and Bow,1967-10-22,2868,1997-05-01,F,"King of Bow, B.",Labour
452,265,30.13037445831024,-6.2703795622193255,Bromsgrove,1960-06-05,2868,1997-05-01,F,"Kirkbride, Julie",Conservative
453,635,19.05513364323536,17.759793082066665,Roxburgh and Berwickshire,1946-04-22,7872,1983-06-09,M,"Kirkwood of Kirkhope, L.",Liberal Democrat
454,1200,29.58336534655807,-4.859455246878107,East Yorkshire,1949-04-04,6398,1983-06-09,M,"Knight, Sir Greg",Conservative
455,4160,-19.720799673062338,-1.440006146143335,South Dorset,1965-03-06,1394,2001-06-07,M,"Knight of Weymouth, L.",Labour
456,502,-19.16998008085809,-1.5382229775190441,Middlesbrough South and East Cleveland,1956-05-28,2998,1991-11-07,M,"Kumar, Dr Ashok",Labour
457,90,-21.051415581611987,-1.789662552204105,South Thanet,1952-11-06,2868,1997-05-01,M,"Ladyman, Dr Stephen",Labour
458,36,29.84387960446216,-5.524683462957923,Epping Forest,1958-02-01,2868,1997-05-01,F,"Laing, Mrs Eleanor",Conservative
459,142,29.972676712587276,-5.631440869013309,Beckenham,1947-12-16,4490,1992-04-09,F,"Lait, Mrs Jacqui",Conservative
460,1439,22.336693071970487,19.92250146783212,North Norfolk,1957-09-16,1394,2001-06-07,M,"Lamb, Norman",Liberal Democrat
461,206,-17.483639368291524,-1.5396019551474613,Tottenham,1972-07-19,1720,2000-06-22,M,"Lammy, Mr David",Labour
462,123,30.871618320836156,-5.169890974168466,South Cambridgeshire,1956-12-11,2868,1997-05-01,M,"Lansley, L.",Conservative
463,540,-12.841637420849626,-1.9156652843922857,Preseli Pembrokeshire,1948-08-09,2868,1997-05-01,F,"Lawrence, Mrs Jackie",Labour
464,1473,21.8314403464069,20.890849904775784,Yeovil,1965-11-30,1394,2001-06-07,M,"Laws, Mr David",Liberal Democrat
465,327,-18.729058827843804,-1.1915170517385307,Derby North,1944-09-07,2868,1997-05-01,M,"Laxton, Mr Bob",Labour
466,1411,-19.621050618176383,-0.9204656913721001,Edinburgh North and Leith,1953-08-08,1394,2001-06-07,M,"Lazarowicz, Mark",Labour
467,345,29.952908483609974,-5.218928773792658,Gainsborough,1950-07-20,7872,1983-06-09,M,"Leigh, Sir Edward",Conservative
468,24,-19.053020231718254,-1.1995801580506569,"Brighton, Pavilion",1945-09-15,2868,1997-05-01,M,"Lepper, David",Labour
469,422,-21.01423611543336,-1.2090501000399978,Shipley,1972-06-28,2868,1997-05-01,M,"Leslie, Mr Chris",Labour
470,247,27.3932791168023,-4.9655365417406285,West Dorset,1956-05-19,2868,1997-05-01,M,"Letwin, Sir Oliver",Conservative
471,330,-21.421076247889165,-1.8516076233961047,High Peak,1954-04-10,2868,1997-05-01,M,"Levitt, Tom",Labour
472,441,-13.79682871260483,-1.9917708788928081,Bury South,1967-03-04,2868,1997-05-01,M,"Lewis, Mr Ivan",Labour
473,54,30.490053107891946,-6.195294682734672,New Forest East,1951-09-26,2868,1997-05-01,M,"Lewis, Dr Julian",Conservative
474,461,-7.0142966078595315,3.24074458088366,Worsley,1935-12-29,7872,1983-06-09,M,"Lewis, Mr Terry",Labour
475,573,-11.302164523232438,-2.8571081313552766,Airdrie and Shotts,1950-12-06,3881,1994-06-30,F,"Liddell of Coatdyke, B.",Labour
476,1396,34.014341613934135,-7.227485235384926,Bridgwater,1959-02-23,1394,2001-06-07,M,"Liddell-Grainger, Mr Ian",Conservative
477,15,31.851306877712613,-5.722529700517327,Aylesbury,1956-06-30,4693,1992-04-09,M,"Lidington, Mr David",Conservative
478,68,29.944953840445358,-5.291074648439784,Hitchin and Harpenden,1943-08-23,7872,1983-06-09,M,"Lilley, Mr Peter",Conservative
479,141,-22.34406722645877,-1.039374911299324,Battersea,1944-08-11,2868,1997-05-01,M,"Linton, Martin",Labour
480,450,-15.187990990619658,1.7334086989854112,Manchester Central,1950-02-25,7872,1983-06-09,M,"Lloyd, Tony",Labour
481,549,19.123721835453754,13.912281545589423,Meirionnydd Nant Conwy,1951-09-26,4693,1992-04-09,M,"Llwyd, Mr Elfyn",Plaid Cymru
482,259,24.113109241416872,-3.5903139034394727,Devizes,1945-07-07,7807,1974-02-28,M,"Lothian, M.",Conservative
483,114,32.2589732799428,-6.225025662171093,East Worthing and Shoreham,1962-05-30,2868,1997-05-01,M,"Loughton, Tim",Conservative
484,164,-21.745645106234345,-1.2916921504622623,Edmonton,1949-03-21,2868,1997-05-01,M,"Love, Mr Andrew",Labour
485,1470,-19.756209318893223,-1.6157291151967754,Wrexham,1960-09-18,1394,2001-06-07,M,"Lucas, Ian C.",Labour
486,268,34.008548339202896,-7.239940449924104,Mid Worcestershire,1955-02-18,4693,1992-04-09,M,"Luff, Sir Peter",Conservative
487,1407,-16.574266503803408,-1.4543751810606547,Dundee East,1951-10-08,1394,2001-06-07,M,"Luke, Mr Iain",Labour
488,1457,-13.597796851666486,-0.09335448365607177,Strathkelvin and Bearsden,1949-07-11,1394,2001-06-07,M,"Lyons, Mr John",Labour
489,4158,-22.855827349620014,-2.0496753425628325,"Glasgow, Rutherglen",1943-12-14,6433,1987-06-11,M,"McAvoy, L.",Labour
490,298,-19.328338234893963,-2.3050851135041306,"Birmingham, Hall Green",1955-08-04,2868,1997-05-01,M,"McCabe, Steve",Labour
491,405,-12.313610190412717,3.1313647772542677,Calder Valley,1945-10-14,2868,1997-05-01,F,"McCafferty, Chris",Labour
492,448,-11.706826268612806,-1.824635840619162,Makerfield,1951-04-25,6433,1987-06-11,M,"McCartney, Sir Ian",Labour
493,193,-20.956648342565323,-2.0290713577879123,Mitcham and Morden,1960-02-20,2868,1997-05-01,F,"McDonagh, Siobhain",Labour
494,641,-16.527321341287173,-2.464530128084175,Western Isles,1956-05-07,6433,1987-06-11,M,"MacDonald, Dr Calum",Labour
495,178,-9.360892751377634,8.338975594904316,Hayes and Harlington,1951-09-08,2868,1997-05-01,M,"McDonnell, John",Labour
496,1402,-17.377580997793167,-2.0002049552744943,Central Fife,1947-12-08,1394,2001-06-07,M,"MacDougall, Mr John",Labour
497,4148,-17.333407886120252,-1.5065714535362316,Dumbarton,1944-10-04,6433,1987-06-11,M,"McFall of Alcluith, L.",Labour
498,656,6.508904078308295,1.0337633614023045,South Down,1935-06-03,6433,1987-06-11,M,"McGrady, Mr Eddie",Social Democratic & Labour Party
499,651,7.374780272354559,0.38017322350116234,Mid Ulster,1950-05-23,2868,1997-05-01,M,"McGuinness, Mr Martin",Sinn Féin
500,636,-16.909691111328016,-2.4450378435661486,Stirling,1949-05-26,2868,1997-05-01,F,"McGuire, Dame Anne",Labour
501,384,33.36272607711699,-7.4522741936001236,Vale of York,1954-09-20,2868,1997-05-01,F,"McIntosh of Pickering, B.",Conservative
502,370,-23.72037965858908,-1.2016129394326127,Cleethorpes,1960-04-03,2868,1997-05-01,F,"McIsaac, Shona",Labour
503,7,30.718329598525692,-6.015498040209278,Bracknell,1949-08-27,8609,1977-03-31,M,"Mackay, Mr Andrew",Conservative
504,1419,-20.863616573413836,-0.6676797210697182,"Glasgow, Maryhill",1961-04-22,1394,2001-06-07,F,"McKechin, Ann",Labour
505,584,-15.870228798117262,-2.2345492902672244,Cumbernauld and Kilsyth,1941-05-08,2868,1997-05-01,F,"McKenna, Rosemary",Labour
506,45,-15.327970442459188,-0.7289180460418503,Thurrock,1949-04-24,4693,1992-04-09,M,"Mackinlay, Andrew",Labour
507,333,35.177550168311235,-7.0000193473667,West Derbyshire,1957-11-30,6808,1986-05-08,M,"McLoughlin, Sir Patrick",Conservative
508,375,-4.498643989281858,4.2369609621394195,Kingston upon Hull North,1934-09-05,14080,1966-01-27,M,"McNamara, Mr Kevin",Labour
509,176,-16.273617346571896,-1.8448621595410288,Harrow East,1958-11-03,2868,1997-05-01,M,"McNulty, Mr Tony",Labour
510,393,-9.815270379156225,-1.8832743038179949,Rotherham,1948-05-21,3937,1994-05-05,M,"MacShane, Mr Denis",Labour
511,12,-16.595671146419964,-0.742815978490803,Slough,1953-09-12,2868,1997-05-01,F,"Mactaggart, Fiona",Labour
512,65,-18.52424207277002,0.041340229052260924,Hemel Hempstead,1945-03-20,2868,1997-05-01,M,"McWalter, Mr Tony",Labour
513,517,-15.989353252020713,-0.89516616538577,Blaydon,1941-05-16,9343,1979-05-03,M,"McWilliam, Mr John",Labour
514,1392,-15.819374233390578,-1.3527463145445355,"Birmingham, Perry Barr",1961-07-13,1394,2001-06-07,M,"Mahmood, Mr Khalid",Labour
515,409,-12.411336983561295,4.266321708105354,Halifax,1937-09-28,6433,1987-06-11,F,"Mahon, Alice",Labour
516,109,31.094904881064256,-5.58024067669358,Woking,1945-07-31,6047,1983-06-09,M,"Malins, Mr Humfrey",Conservative
517,324,-20.10672466898488,-0.9568259110515882,Amber Valley,1951-07-10,2868,1997-05-01,F,"Mallaber, Judy",Labour
518,652,6.868289045661391,0.9796679184964714,Newry and Armagh,1936-08-17,6913,1986-01-23,M,"Mallon, Mr Seamus",Social Democratic & Labour Party
519,1387,-19.600952098078828,-1.3548997578655175,Bassetlaw,1960-01-10,1394,2001-06-07,M,"Mann, John",Labour
520,4162,26.33787497545013,-5.073924772824243,Stratford-on-Avon,1943-04-22,6047,1983-06-09,M,"Maples, L.",Conservative
521,1468,-19.20072441696013,0.23519499869219,Wolverhampton South West,1955-04-08,1394,2001-06-07,M,"Marris, Rob",Labour
522,465,-21.999313139446233,-1.6209487969289276,Blackpool South,1953-11-28,2868,1997-05-01,M,"Marsden, Gordon",Labour
523,275,14.38297370770555,11.454829857639513,Shrewsbury and Atcham,1968-03-18,2868,1997-05-01,M,"Marsden, Mr Paul",Liberal Democrat
524,613,-13.22201641386273,-0.5355787268270203,"Glasgow, Shettleston",1941-05-07,9343,1979-05-03,M,"Marshall, Mr David",Labour
525,339,-7.174034428412483,2.129903650317215,Not serving on 2005-04-01,1941-03-13,9235,1974-10-10,M,"Marshall, Mr Jim",Labour
526,86,-7.1661875378572555,6.382850523225059,Medway,1944-04-10,2868,1997-05-01,M,"Marshall-Andrews, Mr Robert",Labour
527,3899,7.374780272354559,0.38017322350116234,"Glasgow, Springburn",1945-07-03,9343,1979-05-03,M,"Martin of Springburn, L.",Speaker
528,495,-20.794488835086256,-1.3561384396953748,Carlisle,1949-01-03,6433,1987-06-11,M,"Martlew, Mr Eric",Labour
529,49,19.042533333417552,-3.0557619679036554,East Hampshire,1934-06-09,10983,1974-10-10,M,"Mates, Mr Michael",Conservative
530,115,23.254322117195294,-3.048444849056827,Horsham,1953-07-04,6047,1983-06-09,M,"Maude of Horsham, L.",Conservative
531,121,28.285893953014313,-6.755477611455038,North West Cambridgeshire,1940-07-26,9343,1979-05-03,M,"Mawhinney, L.",Conservative
532,8,31.114656907302482,-5.57867174553114,Maidenhead,1956-10-01,2868,1997-05-01,F,"May, Mrs Theresa",Conservative
533,454,-9.747815893944427,0.7669997179036365,Oldham West and Royton,1939-11-04,12518,1970-06-18,M,"Meacher, Mr Michael",Labour
534,361,-8.678557935800976,0.536960969384344,Mansfield,1949-07-31,6433,1987-06-11,M,"Meale, Sir Alan",Labour
535,1435,29.679992502189098,-5.417185390619474,Newark,1956-06-26,1394,2001-06-07,M,"Mercer, Patrick",Conservative
536,347,-17.086657446710596,-1.0437119658048841,Lincoln,1959-04-12,2868,1997-05-01,F,"Merron, Gillian",Labour
537,562,-18.68761022927176,-0.8354780385643251,Cardiff South and Penarth,1943-08-22,6433,1987-06-11,M,"Michael, Alun",Labour
538,507,-9.54473103975874,-2.1975753732805026,Darlington,1958-01-27,4693,1992-04-09,M,"Milburn, Mr Alan",Labour
539,1452,-16.82451488715451,-1.5328871834157003,South Shields,1965-07-15,1394,2001-06-07,M,"Miliband, David",Labour
540,428,-21.652259301200605,-1.2911954322163608,Ellesmere Port and Neston,1949-03-23,4693,1992-04-09,M,"Miller, Andrew",Labour
541,1211,28.976959486080812,-5.09018577792121,Sutton Coldfield,1956-03-23,4959,1987-06-11,M,"Mitchell, Mr Andrew",Conservative
542,372,-10.133471606478617,0.19360076572749338,Great Grimsby,1934-09-19,10052,1977-04-28,M,"Mitchell, Austin",Labour
543,1410,-20.35271739945544,-1.9958235488628888,East Lothian,1958-03-30,1394,2001-06-07,F,"Moffat, Anne",Labour
544,113,-20.385210128155403,-0.9011791302684636,Crawley,1954-04-09,2868,1997-05-01,F,"Moffatt, Laura",Labour
545,1475,-17.831177186704508,-0.9656544800087458,Ipswich,1958-03-16,1226,2001-11-22,M,"Mole, Chris",Labour
546,621,-12.979600557224979,-2.0921135812571707,Kirkcaldy,1947-02-25,6433,1987-06-11,M,"Moonie, L.",Labour
547,638,22.013732909369544,19.319762899497437,"Tweeddale, Ettrick and Lauderdale",1965-06-03,2868,1997-05-01,M,"Moore, Michael",Liberal Democrat
548,3,-15.307433232136226,-1.1032690835628503,Luton South,1955-04-24,2868,1997-05-01,F,"Moran, Margaret",Labour
549,561,-13.469887099028476,0.45015747068658907,Cardiff North,1944-11-02,2868,1997-05-01,F,"Morgan, Julie",Labour
550,377,-13.557779654065461,-1.7107657553043865,Scunthorpe,1952-07-06,6433,1987-06-11,M,"Morley, Mr Elliot",Labour
551,305,-7.797455090102782,-2.23791173659302,"Birmingham, Yardley",1952-06-17,4693,1992-04-09,F,"Morris of Yardley, B.",Labour
552,120,32.183852756396966,-6.340718365807533,North East Cambridgeshire,1943-03-06,6433,1987-06-11,M,"Moss, Mr Malcolm",Conservative
553,406,-15.898672250845678,-1.161412515156323,Colne Valley,1954-01-12,2868,1997-05-01,F,"Mountford, Kali",Labour
554,14,30.9230254586794,-5.995150905865549,Wokingham,1951-06-15,6433,1987-06-11,M,"Redwood, John",Conservative
555,341,-19.538249021619155,-0.31402893899249706,Loughborough,1964-09-17,2868,1997-05-01,M,"Reed, Mr Andy",Labour
556,1385,18.129557793399425,18.615921392007998,Argyll and Bute,1954-08-07,1394,2001-06-07,M,"Reid, Mr Alan",Liberal Democrat
557,617,-9.035451350227977,-2.271535900968365,Hamilton North and Bellshill,1947-05-08,6433,1987-06-11,M,"Reid of Cardowan, L.",Labour
558,9,21.51420261864857,23.593410947102306,Newbury,1949-04-15,4301,1993-05-06,M,"Rendel, Mr David",Liberal Democrat
559,139,30.91900773343162,-5.520484579050946,West Suffolk,1946-09-24,4693,1992-04-09,M,"Risby, L.",Conservative
560,334,31.938151819313536,-6.0122375316889896,Blaby,1951-07-17,4693,1992-04-09,M,"Robathan, L.",Conservative
561,1433,13.987925301954022,11.01394238802687,Moray,1969-09-28,1394,2001-06-07,M,"Robertson, Angus",Scottish National Party
562,1415,30.098765335183728,-5.869742337232716,Faversham and Mid Kent,1962-10-09,1394,2001-06-07,M,"Robertson, Sir Hugh",Conservative
563,605,-18.58660999221998,-1.5665924548801358,"Glasgow, Anniesland",1952-04-17,1566,2000-11-23,M,"Robertson, John",Labour
564,253,32.059264688769254,-5.8190546945102914,Tewkesbury,1958-03-29,2868,1997-05-01,M,"Robertson, Mr Laurence",Conservative
565,307,-13.067401043497336,-0.20253743038041713,Coventry North West,1938-05-25,10472,1976-03-04,M,"Robinson, Mr Geoffrey",Labour
566,1456,18.22675617681469,-1.8948597448568782,Strangford,1949-09-06,1394,2001-06-07,F,"Robinson, Mrs Iris",Democratic Unionist Party
567,642,21.213568720469283,-3.578170597589611,Belfast East,1948-12-29,9306,1979-05-03,M,"Robinson, Mr Peter",Democratic Unionist Party
568,182,-15.450558213514213,0.16098328448380278,Hornsey and Wood Green,1954-04-13,4693,1992-04-09,F,"Roche, Mrs Barbara",Labour
569,64,27.618416057757173,-4.958797191068273,Broxbourne,1936-07-15,7872,1983-06-09,F,"Roe, Dame Marion",Conservative
570,402,-17.907174444626424,-1.8310457392709478,Bradford North,1950-11-11,5187,1990-11-08,M,"Rooney, Mr Terry",Labour
571,1447,31.90150237397789,-6.412656928162044,Romford,1966-03-17,1394,2001-06-07,M,"Rosindell, Andrew",Conservative
572,590,-19.361590114431056,-1.3747824192343827,Dundee West,1942-07-27,9343,1979-05-03,M,"Ross, Mr Ernie",Labour
573,626,-17.190195272749833,-2.494078802700314,Motherwell and Wishaw,1958-08-29,2868,1997-05-01,M,"Roy, Mr Frank",Labour
574,534,-17.636051009124266,-2.039418633919241,Vale of Clwyd,1958-07-18,2868,1997-05-01,M,"Ruane, Chris",Labour
575,190,-19.30956852999099,0.6316775456055364,"Lewisham, Deptford",1943-12-28,6433,1987-06-11,F,"Ruddock, Dame Joan",Labour
576,133,29.19902979487791,-5.891958651115188,Bury St Edmunds,1962-04-18,2868,1997-05-01,M,"Ruffley, Mr David",Conservative
577,35,22.23563217976274,22.630826541116576,Colchester,1946-03-31,2868,1997-05-01,M,"Russell, Sir Bob",Liberal Democrat
578,424,-17.12247166678412,-2.8048010426295273,City of Chester,1945-03-25,2868,1997-05-01,F,"Russell, Christine",Labour
579,166,-18.137924159578326,-0.9939771799568898,Enfield North,1955-09-08,2868,1997-05-01,F,"Ryan, Joan",Labour
580,577,11.832689511258405,10.144713527468049,Banff and Buchan,1954-12-31,6433,1987-06-11,M,"Salmond, Alex",Scottish National Party
581,11,-16.292609660462542,-0.9230965712846642,Reading West,1954-04-19,2868,1997-05-01,M,"Salter, Martin",Labour
582,237,22.827138194813724,24.013117408290814,Torbay,1959-04-25,2868,1997-05-01,M,"Sanders, Mr Adrian",Liberal Democrat
583,608,-13.764844729120691,-0.4556320800996381,"Glasgow, Govan",1952-08-18,2868,1997-05-01,M,"Sarwar, Mr Mohammad",Labour
584,571,-21.041923968771027,0.4532691023751894,Aberdeen North,1946-05-09,2868,1997-05-01,M,"Savidge, Mr Malcolm",Labour
585,353,-20.323097200852793,1.0830933572108765,Kettering,1950-06-26,2868,1997-05-01,M,"Sawford, Phil",Labour
586,4,27.980292941720677,-4.411198140739085,Mid Bedfordshire,1948-03-20,6047,1983-06-09,M,"Sayeed, Mr Jonathan",Independent Conservative
587,173,-13.26133629127669,6.6195663092281585,Hackney South and Shoreditch,1937-03-17,9716,1974-02-28,M,"Sedgemore, Mr Brian",Labour
588,1453,31.506099400587033,-5.390454898754143,South West Bedfordshire,1962-04-27,1394,2001-06-07,M,"Selous, Andrew",Conservative
589,78,-16.689448178982907,-1.4667790103142064,Chatham and Aylesford,1966-06-03,2868,1997-05-01,M,"Shaw, Jonathan",Labour
590,411,-14.559580261999443,-1.8216714649542447,Huddersfield,1940-08-17,9343,1979-05-03,M,"Sheerman, Mr Barry",Labour
591,132,28.534519599033107,-3.375622052720571,South West Norfolk,1940-01-22,6433,1987-06-11,F,"Shephard of Northwold, B.",Conservative
592,295,28.251109980372238,-1.8731411339435389,Aldridge-Brownhills,1942-12-06,9343,1979-05-03,M,"Shepherd, Sir Richard",Conservative
593,1464,-22.290535690112193,-2.287381582614333,West Renfrewshire,1952-11-24,1394,2001-06-07,M,"Sheridan, Jim",Labour
594,314,-6.93004909773032,0.6462664362626976,Stourbridge,1957-06-22,2868,1997-05-01,F,"Shipley, Ms Debra",Labour
595,300,-2.187162054624815,1.7945147723082038,"Birmingham, Ladywood",1946-02-15,7872,1983-06-09,F,"Short, Clare",Labour
596,1393,31.08686731178529,-6.044489119468376,Boston and Skegness,1964-04-12,1394,2001-06-07,M,"Simmonds, Mark",Conservative
597,1391,-12.29417761854186,-0.5672546879841016,"Birmingham, Erdington",1968-12-23,1394,2001-06-07,M,"Simon, Mr Siôn",Labour
598,365,-9.220977145698546,5.741812905485261,Nottingham South,1948-09-20,4693,1992-04-09,M,"Simpson, Alan",Labour
599,126,29.29198697645617,-4.481751909808895,Mid Norfolk,1949-03-29,2868,1997-05-01,M,"Simpson, Mr Keith",Conservative
600,404,-13.241816132086912,-0.5159448152416649,Bradford West,1954-10-11,2868,1997-05-01,M,"Singh, Mr Marsha",Labour
601,325,-16.73818079956574,4.751967595735367,Bolsover,1932-02-11,12518,1970-06-18,M,"Skinner, Mr Dennis",Labour
602,95,-15.752537649230348,-1.424814181385245,Oxford East,1951-02-01,6433,1987-06-11,M,"Smith, Mr Andrew",Labour
603,471,-13.08887518996178,-0.741943762218875,Morecambe and Lunesdale,1961-08-29,2868,1997-05-01,F,"Smith, Geraldine",Labour
604,269,-17.990588179476315,-0.9722627446932861,Redditch,1962-11-03,2868,1997-05-01,F,"Smith, Jacqui",Labour
605,681,-13.519648277174154,-2.204184693418757,Vale of Glamorgan,1951-03-17,3915,1989-05-04,M,"Smith, John",Labour
606,541,-11.727994811027214,3.563185866655886,Blaenau Gwent,1944-04-16,4693,1992-04-09,M,"Smith, Llew",Labour
607,639,22.39586587645945,18.18373040143757,West Aberdeenshire and Kincardine,1958-04-15,2868,1997-05-01,M,"Smith, Sir Robert",Liberal Democrat
608,4170,-9.115693118910741,-0.860103654392959,Basildon,1959-01-07,2868,1997-05-01,F,"Smith of Basildon, B.",Labour
609,414,-13.176775056483624,1.724231842632787,Leeds East,1945-02-06,4693,1992-04-09,M,"Mudie, Mr George",Labour
610,527,-16.633904086280072,-0.8193605310875494,Sunderland South,1947-12-12,6433,1987-06-11,M,"Mullin, Mr Chris",Labour
611,1448,-19.45301717523121,-1.2594473769596386,"Sheffield, Heeley",1959-08-24,1394,2001-06-07,F,"Munn, Meg",Labour
612,516,-18.61706900085236,-0.7356938181896227,Wansbeck,1948-11-02,2868,1997-05-01,M,"Murphy, Mr Denis",Labour
613,595,-18.525416709113106,-2.4048637784799163,Eastwood,1967-08-23,2868,1997-05-01,M,"Murphy, Mr Jim",Labour
614,546,-6.499680659203309,-2.8390646777844655,Torfaen,1948-11-25,6433,1987-06-11,M,"Murphy of Torfaen, L.",Labour
615,1466,34.06421111517731,-5.8196329075050315,Westbury,1961-04-24,1394,2001-06-07,M,"Murrison, Dr Andrew",Conservative
616,216,-20.889866610518148,0.13983080705471557,Bristol North West,1941-04-01,2868,1997-05-01,M,"Naysmith, Dr Doug",Labour
617,92,26.780475698839176,-4.248014305669256,Tunbridge Wells,1954-05-01,2868,1997-05-01,M,"Norman, Mr Archie",Conservative
618,221,-10.642888586476356,-1.3079291259559096,Wansdyke,1960-01-28,2868,1997-05-01,M,"Norris, Dan",Labour
619,63,19.252626452556658,16.374118433109125,Winchester,1964-03-08,2823,1997-05-01,M,"Oaten, Mr Mark",Liberal Democrat
620,419,-15.12790016622055,-0.6293497569043872,Normanton,1929-01-25,7872,1983-06-09,M,"O'Brien, Sir Bill",Labour
621,290,-11.89431038906784,-1.105562533621923,North Warwickshire,1954-06-19,4693,1992-04-09,M,"O'Brien, Mr Mike",Labour
622,427,31.7784308836606,-6.793074060786772,Eddisbury,1957-04-01,2056,1999-07-22,M,"O'Brien, Mr Stephen",Conservative
623,482,-12.4470580892412,-0.02106307859918643,Knowsley South,1937-10-01,5229,1990-09-27,M,"O'Hara, Mr Edward",Labour
624,291,-17.52434287285773,-1.4612377229540723,Nuneaton,1942-05-09,4693,1992-04-09,M,"Olner, Mr Bill",Labour
625,629,-13.251797399794873,-0.5688569178277144,Ochil,1945-01-06,9343,1979-05-03,M,"O'Neill of Clackmannan, L.",Labour
626,559,21.886484886944803,18.4220525164544,Montgomeryshire,1965-03-02,2868,1997-05-01,M,"Öpik, Lembit",Liberal Democrat
627,250,-15.487722805484358,-1.0348460730563003,Forest of Dean,1952-02-21,2868,1997-05-01,F,"Organ, Diana",Labour
628,1458,32.95268496107109,-5.622183958301341,Tatton,1971-05-23,1394,2001-06-07,M,"Osborne, Mr George",Conservative
629,576,-17.187273921429572,-2.0185387578531215,Ayr,1956-02-23,2868,1997-05-01,F,"Osborne, Sandra",Labour
630,157,29.952972710885387,-5.116054220193364,Croydon South,1945-05-24,6132,1983-06-09,M,"Ottaway, Sir Richard",Conservative
631,1474,-16.170608931658645,0.05412199399732068,Ynys Môn,1959-08-10,1394,2001-06-07,M,"Owen, Albert",Labour
632,70,29.50552600667221,-5.122936747878936,South West Hertfordshire,1941-02-22,10003,1976-11-04,M,"Page, Mr Richard",Conservative
633,124,30.51959396220819,-5.642379741459557,South East Cambridgeshire,1949-04-24,6433,1987-06-11,M,"Paice, Sir James",Conservative
634,359,-19.098129536148672,-1.085532818583246,Broxtowe,1950-02-05,2868,1997-05-01,M,"Palmer, Dr Nick",Labour
635,274,30.603466785491534,-5.917310587379736,North Shropshire,1956-06-24,2868,1997-05-01,M,"Paterson, Mr Owen",Conservative
636,310,-8.098061900818186,-2.4058845304998626,Dudley South,1959-04-05,3713,1994-12-15,M,"Pearson, Ian",Labour
637,183,-19.28283078790392,0.36975458033082037,Ilford North,1947-06-29,2868,1997-05-01,F,"Perham, Linda",Labour
638,33,28.21609394983856,-4.6231635057062705,Brentwood and Ongar,1952-04-20,4693,1992-04-09,M,"Pickles, Sir Eric",Conservative
639,477,-23.682629123413918,-1.5858197433040777,West Lancashire,1944-09-13,4693,1992-04-09,M,"Pickthall, Mr Colin",Labour
640,466,-20.748989305247363,-0.5886272930979567,Burnley,1937-06-26,7872,1983-06-09,M,"Pike, Mr Peter",Labour
641,294,-22.373015965626514,-0.9298775137477505,Warwick and Leamington,1954-06-23,2868,1997-05-01,M,"Plaskitt, Mr James",Labour
642,71,-15.402218606518419,-0.7782292018292204,St Albans,1944-04-27,2868,1997-05-01,M,"Pollard, Mr Kerry",Labour
643,84,-18.553430099742314,-2.233386974995551,Gravesham,1952-09-25,2868,1997-05-01,M,"Pond, Mr Chris",Labour
644,469,-16.57430733161759,-2.086079350455565,Hyndburn,1960-08-29,4693,1992-04-09,M,"Pope, Mr Greg",Labour
645,187,21.437277110043958,-3.0306507846982873,Kensington and Chelsea,1953-05-26,6381,1984-12-13,M,"Portillo, Mr Michael",Conservative
646,161,-16.430115652372475,-1.5114684102816973,Ealing North,1948-07-03,2868,1997-05-01,M,"Pound, Stephen",Labour
647,555,5.571024810038978,0.2803048116063,Not serving on 2005-04-01,1928-06-19,8132,1979-05-03,M,"Powell, Sir Raymond",Labour
648,191,-19.862380919922845,-2.076424475018134,Lewisham East,1952-12-28,4693,1992-04-09,F,"Prentice, Bridget",Labour
649,472,-15.372939455432054,1.8603389344829802,Pendle,1951-01-28,4693,1992-04-09,M,"Prentice, Mr Gordon",Labour
650,374,-7.054220458594195,0.19706553339463845,Kingston upon Hull East,1938-05-31,12518,1970-06-18,M,"Prescott, L.",Labour
651,1401,18.783490108398304,14.086955150888452,Carmarthen East and Dinefwr,1968-09-23,1394,2001-06-07,M,"Price, Adam",Plaid Cymru
652,217,7.374780272354559,0.38017322350116234,Bristol South,1954-05-02,6433,1987-06-11,F,"Primarolo, B.",Labour
653,1424,32.53237652238651,-6.1852851868314005,Hertford and Stortford,1962-06-12,1394,2001-06-07,M,"Prisk, Mr Mark",Conservative
654,80,-21.323519314008895,-0.861715093085326,Dover,1943-04-27,2868,1997-05-01,M,"Prosser, Gwyn",Labour
655,1454,21.98272426387913,20.873806023810385,Southport,1948-06-28,1394,2001-06-07,M,"Pugh, John",Liberal Democrat
656,321,-20.068300080312973,-0.2524365978352056,Wolverhampton North East,1939-01-08,4693,1992-04-09,M,"Purchase, Mr Ken",Labour
657,1455,-17.444652103799402,-0.5395900718301527,Stalybridge and Hyde,1970-03-02,1394,2001-06-07,M,"Purnell, James",Labour
658,518,-16.147578653859647,-0.2107284051068057,Gateshead East and Washington West,1944-11-26,6433,1987-06-11,F,"Quin, B.",Labour
659,381,-21.671155438955136,-1.3047692686304744,Scarborough and Whitby,1956-12-25,2868,1997-05-01,M,"Quinn, Lawrie",Labour
660,37,-10.064537440919755,-2.0834566012925158,Harlow,1959-10-10,2868,1997-05-01,M,"Rammell, Bill",Labour
661,209,26.79585945090748,-3.80789697849994,Uxbridge,1955-08-05,2777,1997-07-31,M,"Randall, Sir John",Conservative
662,58,-20.788206393812196,-1.0890078640317449,Portsmouth North,1942-04-17,2868,1997-05-01,M,"Rapson, Syd",Labour
663,171,-14.868550967384975,-1.8378128219995356,Greenwich and Woolwich,1945-01-28,5096,1986-04-10,M,"Raynsford, Mr Nick",Labour
